serial,property,apartment,fwVerTi,gain,up_ppk,tnormStddev,flag
79464101,Blue Sky Village MHC,21,296,55,3040,639,HIGH-GAIN-HIGH-AMP
70272479,Eastwood Hills MHC,EH7,314,55,3036,1187,HIGH-GAIN-HIGH-AMP
72380999,Aurora MHC,260,296,50,2999,390,HIGH-GAIN-HIGH-AMP
70266620,PW2,3124LINDA,344,47,2942,2128,HIGH-GAIN-HIGH-AMP
72381559,Rustic Acres MHC,54,314,55,2919,287,HIGH-GAIN-HIGH-AMP
70260342,Kingsbrook MHC,306CA,296,55,2895,848,HIGH-GAIN-HIGH-AMP
65825047,Estancia MHP,134,314,50,2886,113,HIGH-GAIN-HIGH-AMP
75361038,Parkway MHC,65,296,55,2852,866,HIGH-GAIN-HIGH-AMP
72383464,Whispering Pines Mobile Estates,404,314,55,2814,95,HIGH-GAIN-HIGH-AMP
79461966,Paola MHC,14,314,50,2805,402,HIGH-GAIN-HIGH-AMP
79455703,Shirlee's MHP,7,344,47,2794,788,HIGH-GAIN-HIGH-AMP
72384587,Virginia Beach,168,344,47,2778,1548,HIGH-GAIN-HIGH-AMP
79461909,Shirlee's MHP,1,344,55,2777,4252,HIGH-GAIN-HIGH-AMP
79461131,Holly Tree MHP,32,314,50,2776,4559,HIGH-GAIN-HIGH-AMP
72390287,Virginia Beach,82,344,53,2754,1135,HIGH-GAIN-HIGH-AMP
75363125,Kay Lou MHC,2621-M,296,50,2741,1725,HIGH-GAIN-HIGH-AMP
79459408,Shirlee's MHP,15,344,53,2740,2441,HIGH-GAIN-HIGH-AMP
79463319,Virginia Beach,171,344,55,2720,365,HIGH-GAIN-HIGH-AMP
70268923,Rustic Acres MHC,44,314,55,2679,50,HIGH-GAIN-HIGH-AMP
70262447,Whispering Pines Mobile Estates,317,344,50,2642,5213,HIGH-GAIN-HIGH-AMP
70272222,Rusk MHC,2A,344,47,2639,2421,HIGH-GAIN-HIGH-AMP
79459929,Shirlee's MHP,9,344,47,2609,397,HIGH-GAIN-HIGH-AMP
70263254,PW2,5189JUSTIN,314,55,2585,4808,HIGH-GAIN-HIGH-AMP
75373819,Rush MHC,10,344,47,2538,1160,HIGH-GAIN-HIGH-AMP
75366706,Roosevelt MHC,18,296,50,2510,437,HIGH-GAIN-HIGH-AMP
70272669,Parker MHC,29,344,47,2500,2887,HIGH-GAIN-HIGH-AMP
75361244,Cactus Flower,Laundry,344,50,2493,2356,HIGH-GAIN-HIGH-AMP
72392325,Virginia Beach,143,344,50,2491,3494,HIGH-GAIN-HIGH-AMP
70271877,Hillview MHC,19A,344,55,2471,322,HIGH-GAIN-HIGH-AMP
72724075,Oak Forest Estate MHC,32,344,50,2448,1075,HIGH-GAIN-HIGH-AMP
79466676,Shirlee's MHP,6,344,55,2350,443,HIGH-GAIN-HIGH-AMP
70262256,Ontario Place MHC,58,314,50,2345,478,HIGH-GAIN-HIGH-AMP
72381633,Crystal Acres MHC,43A,344,47,2345,469,HIGH-GAIN-HIGH-AMP
79458236,Broadway MHP DesMoines,14,344,50,2304,3847,HIGH-GAIN-HIGH-AMP
75363885,Kay Lou MHC,2604-M,296,50,2241,245,HIGH-GAIN-HIGH-AMP
75365567,Roosevelt MHC,85,296,50,2204,495,HIGH-GAIN-HIGH-AMP
72380049,Virginia Beach,215,344,47,2200,410,HIGH-GAIN-HIGH-AMP
72379447,Ontario Place MHC,99,314,55,2149,376,HIGH-GAIN-HIGH-AMP
72391269,Holly Tree MHP,76,314,50,2144,298,HIGH-GAIN-HIGH-AMP
77061804,Hydetown Mobile Estates,5,296,55,2143,346,HIGH-GAIN-HIGH-AMP
75365484,Roosevelt MHC,95,296,50,2123,260,HIGH-GAIN-HIGH-AMP
72389115,Crystal Acres MHC,7,344,50,2112,108,HIGH-GAIN-HIGH-AMP
75368488,Broadway MHP DesMoines,8,344,47,2106,131,HIGH-GAIN-HIGH-AMP
72380288,Rusk MHC,58,344,47,2104,181,HIGH-GAIN-HIGH-AMP
77053868,The Oaks MHC,12,296,55,2045,246,HIGH-GAIN-HIGH-AMP
72383647,Hillview MHC,2,344,53,2013,282,HIGH-GAIN-HIGH-AMP
79456115,Broadway MHP DesMoines,16,344,53,2013,258,HIGH-GAIN-HIGH-AMP
75367506,Roosevelt MHC,6,344,47,2008,106,HIGH-GAIN-HIGH-AMP
72723762,Coleman Village MHC,150,344,53,2006,199,HIGH-GAIN-HIGH-AMP
72378498,Westview Mobile Estates MHC,220,344,50,530,65535,NOISY-COMMIT
70271778,Stafford MHC,306,344,50,452,65535,NOISY-COMMIT
72723598,CJ,105 exclude tenant,344,50,420,65535,NOISY-COMMIT
65827696,Sky Run,20,296,50,387,65535,NOISY-COMMIT
79461610,Pelican Shores North HOA,12600,344,47,972,24182,NOISY-COMMIT
72378605,Ponderosa MHC,45,344,55,95,14163,NOISY-COMMIT
75372233,Roosevelt MHC,82,314,45,34,10474,NOISY-COMMIT
70259518,Piney Park,69,314,55,90,10432,NOISY-COMMIT
72715859,Kay Bee Mobile Villa MHP,75,296,25,516,8409,NOISY-COMMIT
68612637,Parkview MHP,80,344,26,1072,7527,NOISY-COMMIT
79454797,Heritage Apartments,C5,296,35,975,6773,NOISY-COMMIT
72391418,Sunview MHP,21,344,41,2347,6738,NOISY-COMMIT
70267446,La Comunidad MHC,19,314,25,734,5296,NOISY-COMMIT
79465835,Rustic Acres MHC,1,344,41,2687,5278,NOISY-COMMIT
72389917,Sara Drive MHP,1039,296,55,627,5262,NOISY-COMMIT
72378555,Dorr Drive MHP,18,314,30,456,5222,NOISY-COMMIT
70265143,Kingsbrook MHC,2806V,296,40,1494,5173,NOISY-COMMIT
75367571,Stafford MHC,526,344,44,2508,4825,NOISY-COMMIT
77056481,Forest at Sherman MHC,52,314,50,682,4824,NOISY-COMMIT
75370955,Noble Estates MHC,501,344,32,344,4528,NOISY-COMMIT
72392986,Crystal Acres MHC,36,344,38,548,4036,NOISY-COMMIT
70273006,La Comunidad MHC,85,314,25,723,3433,NOISY-COMMIT
72718077,Lantana Trail,3618-1,314,30,825,3417,NOISY-COMMIT
75361251,Broadway MHP DesMoines,26,344,35,2419,3322,NOISY-COMMIT
72386343,Chickadee Lane MHC,927-TOWHEE,344,35,1243,3207,NOISY-COMMIT
72385006,Virginia Beach,148,344,41,2723,3155,NOISY-COMMIT
70265226,Ibiza Village2,11,344,41,429,2976,NOISY-COMMIT
79467013,Grand Valley Estates MHC,29-STONEVALLEY-DR,344,35,1050,2964,NOISY-COMMIT
65824586,Ontario Place MHC,5,314,40,2402,2859,NOISY-COMMIT
72383928,Sunnyvale MHP,119,296,45,2454,2713,NOISY-COMMIT
72716113,Riverview Apartments MF,28,344,44,2580,2480,NOISY-COMMIT
72390998,Oak Forest Estate MHC,29,344,29,891,2311,NOISY-COMMIT
65826979,PW2,3107LINDA,314,45,2517,2262,NOISY-COMMIT
79461768,Shady Lane MHP,21 Maple Lane,341,44,2411,2200,NOISY-COMMIT
72390535,La Comunidad MHC,64,314,40,859,2182,NOISY-COMMIT
72387911,Stafford MHC,521,314,40,746,2174,NOISY-COMMIT
75363554,Oak Forest Estate MHC,15,344,41,772,2156,NOISY-COMMIT
75373710,Highlands MHC,10A,344,38,893,2106,NOISY-COMMIT
79454896,Grand Valley Estates MHC,111-SHENNADOH-DR,344,26,1025,2095,NOISY-COMMIT
75373314,Estancia MHP,150,344,35,596,2065,NOISY-COMMIT
72714977,Kay Bee Mobile Villa MHP,8,296,45,2768,2015,NOISY-COMMIT
72387259,Crystal Acres MHC,45,344,44,2481,2013,NOISY-COMMIT
65828652,PW2,5186JOHN,314,30,1186,1942,NOISY-COMMIT
70263726,Chickadee Lane MHC,404-QUAILCIRCLE,314,30,1149,1825,NOISY-COMMIT
72388125,Ponderosa MHC,28,344,35,401,1799,NOISY-COMMIT
72385733,Virginia Beach,207,344,44,2624,1784,NOISY-COMMIT
72721162,Parker MHC,26,314,40,769,1748,NOISY-COMMIT
70260078,The Oaks MHC,3,296,35,551,1743,NOISY-COMMIT
72388703,Lafountaine MHC,101PV,296,25,508,1733,NOISY-COMMIT
75368413,Grand Valley Estates MHC,7-STONEVALLEY-DR,344,29,1214,1729,NOISY-COMMIT
77053264,Aurora MHC,210,296,45,2434,1720,NOISY-COMMIT
72714423,GenII Water Flow,NEW-3,344,38,1659,1704,NOISY-COMMIT
72389842,Pace East,31,314,40,555,1646,NOISY-COMMIT
72383100,Virginia Beach,220,344,26,952,1614,NOISY-COMMIT
72385527,Kay Lou MHC,700-R,296,40,511,1556,NOISY-COMMIT
79453898,Grand Valley Estates MHC,4-AMOSVALLEY-DR,344,26,723,1431,NOISY-COMMIT
72382995,Virginia Beach,93,344,44,2705,1421,NOISY-COMMIT
75370831,The O in La Marque,15,314,25,641,1397,NOISY-COMMIT
72390337,Virginia Beach,104,344,35,1328,1317,NOISY-COMMIT
75371409,Pace East,22,296,35,644,1269,NOISY-COMMIT
75361616,Highland Terrace,59,314,40,1131,1187,NOISY-COMMIT
72386665,Avetis 5YR,ADU1,295,45,615,1147,NOISY-COMMIT
75372035,The O in La Marque,3,344,29,1302,1141,NOISY-COMMIT
75367100,Shady Lane MHP,5033 Spruce Lane,344,41,2434,1111,NOISY-COMMIT
70258619,Green Grove Trailer Court MHC,21,296,45,2726,1099,NOISY-COMMIT
72386574,Chickadee Lane MHC,822-CHICKADEE,314,45,2846,1038,NOISY-COMMIT
79455877,Shirlee's MHP,5,344,44,2755,1021,NOISY-COMMIT
72386285,La Comunidad MHC,93,314,50,760,1008,NOISY-COMMIT
72722962,Hillview MHC,20,344,50,445,944,NOISY-COMMIT
72721956,Kay Bee Mobile Villa MHP,53,296,55,469,932,NOISY-COMMIT
72379256,Rusk MHC,43,344,29,561,925,NOISY-COMMIT
68588134,Parkview MHP,78,314,55,975,913,NOISY-COMMIT
72717020,Backwater MHC,26-2OF2,344,44,286,898,NOISY-COMMIT
72382508,Virginia Beach,195,344,41,2441,890,NOISY-COMMIT
79455380,Virginia Beach,56,344,32,1107,886,NOISY-COMMIT
75374585,Parker MHC,53,344,41,1108,868,NOISY-COMMIT
77041376,Parkway MHC,37,344,44,781,857,NOISY-COMMIT
75369460,Big Country Mobile Home & RV Park,3610-D,344,41,437,854,NOISY-COMMIT
70265606,Whispering Pines Mobile Estates,513,314,30,881,831,NOISY-COMMIT
75361525,Oaklawn Park HOA,3459SOC,314,25,575,831,NOISY-COMMIT
79463160,Grand Valley Estates MHC,31-IMPERIALVALLEY-DR,344,38,1755,822,NOISY-COMMIT
72717350,Azulejo,1104,296,30,898,821,NOISY-COMMIT
75368181,Broadway MHP DesMoines,25,344,44,2186,793,NOISY-COMMIT
79462048,Holly Tree MHP,39,344,35,1746,785,NOISY-COMMIT
75362358,Grand Valley Estates MHC,45-GRANDVALLEY-DR,344,35,1654,768,NOISY-COMMIT
72724364,Mission Apartments,8936,296,55,442,764,NOISY-COMMIT
72384793,Rustic Acres MHC,48,314,40,693,756,NOISY-COMMIT
65829221,Roosevelt MHC,62,296,55,425,747,NOISY-COMMIT
77057620,Holly Tree MHP,28,314,35,960,739,NOISY-COMMIT
75363588,Pleasant Acres,9,296,35,1846,730,NOISY-COMMIT
70258379,PW2,5203JUSTIN,314,20,560,725,NOISY-COMMIT
77041996,Holly Tree MHP,65,314,20,1089,722,NOISY-COMMIT
72714019,Hillview MHC,12,344,44,1223,720,NOISY-COMMIT
79467005,Stafford MHC,345,314,30,523,706,NOISY-COMMIT
72382722,Ponderosa MHC,17,344,35,2252,701,NOISY-COMMIT
75369502,Pace East,11,314,55,539,696,NOISY-COMMIT
70258650,2Freedom,26,344,38,929,674,NOISY-COMMIT
72723416,Rusk MHC,52,344,47,1017,666,NOISY-COMMIT
79453658,Grand Valley Estates MHC,3-AMOSVALLEY-DR,344,26,680,640,NOISY-COMMIT
70266117,Backwater MHC,38,344,41,2173,628,NOISY-COMMIT
70259740,Country Squire MHC,53B,314,40,2122,627,NOISY-COMMIT
72718911,Wildwood Estates MHC,2,314,40,704,626,NOISY-COMMIT
75372829,Wildwood Estates MHC,A9,296,55,400,618,NOISY-COMMIT
72722236,Estancia MHP,173,344,35,452,606,NOISY-COMMIT
72388190,Ponderosa MHC,15,344,41,1058,598,NOISY-COMMIT
79454748,Oswego MHP,LOT28,344,47,661,587,NOISY-COMMIT
75372522,Hydetown Mobile Estates,4,344,26,1174,579,NOISY-COMMIT
79461461,Grand Valley Estates MHC,23-AMOSVALLEY-DR,344,41,1464,578,NOISY-COMMIT
72391236,La Comunidad MHC,65,314,35,796,578,NOISY-COMMIT
65825799,The Oaks MHC,34,296,55,1132,573,NOISY-COMMIT
75374494,Highlands MHC,9A,344,44,2249,572,NOISY-COMMIT
70271661,Rusk MHC,24,344,41,466,571,NOISY-COMMIT
65822721,Ponderosa MHC,49,344,26,762,567,NOISY-COMMIT
72380452,Sunnyvale MHP,133,296,40,2176,564,NOISY-COMMIT
77028902,Eastwood Hills MHC,TR307,314,50,644,555,NOISY-COMMIT
72717319,Kay Bee Mobile Villa MHP,48,296,30,570,552,NOISY-COMMIT
72382433,Virginia Beach,183,344,38,1636,551,NOISY-COMMIT
75371532,Cactus Flower,4-BACK-UP HWA,314,55,390,546,NOISY-COMMIT
77060202,Canada,C4TC,344,44,682,540,NOISY-COMMIT
79466262,Grand Valley Estates MHC,14-AMOS,344,29,1283,514,NOISY-COMMIT
72382896,Ponderosa MHC,46,344,41,638,514,NOISY-COMMIT
79462733,Holly Tree MHP,83,314,40,2281,509,NOISY-COMMIT
