perm,old_st,old_ti,serial,old_lever_wall,old_pair_landed,new_lever_wall,st_landed,ti_landed,st_first,ti_zero_min,boot20_seen,crash_before,crash_after,state_end,gain_end,meterVal_end,issues
17037/344,17037,344,70262090,09/09 08:12:50,09/09 08:19:40,09/09 08:26:15,09/09 08:29:14,09/09 08:31:04,True,1.8,False,0,0,Metering,40,0,
17037/344,17037,344,77058339,09/09 08:12:50,09/09 08:27:26,09/09 08:26:15,09/09 08:37:24,09/09 08:39:19,True,1.9,False,0,0,Metering,39,1.009,
17037/344,17037,344,72378456,09/09 08:12:50,09/09 08:26:21,09/09 08:26:15,09/09 08:36:00,09/09 08:38:11,True,2.2,False,0,0,Metering,39,0,
17037/344,17037,344,72714092,09/09 08:12:50,09/09 08:25:35,09/09 08:26:15,09/09 08:35:19,09/09 08:37:13,True,1.9,False,0,0,Metering,43,0,
17037/344,17037,344,72379322,09/09 08:12:50,09/09 08:26:25,09/09 08:26:15,09/09 08:38:14,09/09 08:40:34,True,2.3,False,0,0,Failed Cal,55,0,
17037/344,17037,344,72390592,09/09 08:12:50,09/09 08:26:48,09/09 08:26:15,09/09 08:38:08,09/09 08:40:05,True,1.9,False,0,0,Metering,33,0,
16185/314,16185,314,70262090,09/09 08:47:56,09/09 09:00:57,09/09 09:01:20,09/09 09:11:57,09/09 09:13:44,True,1.8,False,0,0,Metering,33,0,
16185/314,16185,314,77058339,09/09 08:47:56,09/09 09:01:29,09/09 09:01:20,09/09 09:11:12,09/09 09:13:08,True,1.9,False,0,0,Metering,39,1,
16185/314,16185,314,72378456,09/09 08:47:56,09/09 08:59:32,09/09 09:01:20,09/09 09:08:40,09/09 09:10:49,True,2.2,False,0,0,Metering,39,0,
16185/314,16185,314,72714092,09/09 08:47:56,09/09 08:58:50,09/09 09:01:20,09/09 09:07:59,09/09 09:09:53,True,1.9,False,0,0,Metering,42,0,
16185/314,16185,314,72379322,09/09 08:47:56,09/09 08:54:33,09/09 09:01:20,09/09 09:06:36,09/09 09:08:46,True,2.2,False,0,0,Calibrating,40,0,
16185/314,16185,314,72390592,09/09 08:47:56,09/09 09:02:13,09/09 09:01:20,09/09 09:11:58,09/09 09:14:02,True,2.1,False,0,0,Metering,40,0,
362/209,362,209,70262090,09/09 09:20:57,09/09 09:34:44,09/09 09:33:21,09/09 09:46:54,09/09 09:49:38,True,2.7,True,0,0,Calibrating,40,1,
362/209,362,209,77058339,09/09 09:20:57,09/09 09:34:11,09/09 09:33:21,09/09 09:46:28,09/09 09:49:40,True,3.2,True,0,0,Calibrating,40,2,
362/209,362,209,72378456,09/09 09:20:57,09/09 09:31:31,09/09 09:33:21,09/09 09:43:46,09/09 09:47:14,True,3.5,True,0,0,Metering,38,1,
362/209,362,209,72714092,09/09 09:20:57,09/09 09:30:42,09/09 09:33:21,09/09 09:42:43,09/09 09:46:02,True,3.3,True,0,0,Metering,43,2,
362/209,362,209,72379322,09/09 09:20:57,09/09 09:32:00,09/09 09:33:21,09/09 09:44:19,09/09 09:46:37,True,2.3,True,0,0,Failed Cal,55,0,
362/209,362,209,72390592,09/09 09:20:57,09/09 09:34:19,09/09 09:33:21,09/09 09:37:25,09/09 09:40:55,True,3.5,True,0,0,Metering,41,0,
16131/296,16131,296,70262090,09/09 09:49:53,09/09 10:12:47,09/09 10:14:37,09/09 10:24:45,09/09 10:27:18,True,2.5,True,0,0,Metering,40,1,
16131/296,16131,296,77058339,09/09 09:49:53,09/09 10:13:26,09/09 10:14:37,09/09 10:25:31,09/09 10:28:28,True,3.0,True,0,0,Metering,40,3,
16131/296,16131,296,72378456,09/09 09:49:53,09/09 10:10:52,09/09 10:14:37,09/09 10:22:40,09/09 10:25:54,True,3.2,True,0,0,Metering,42,1,
16131/296,16131,296,72714092,09/09 09:49:53,09/09 10:15:17,09/09 10:14:37,09/09 10:24:23,09/09 10:26:55,True,2.5,True,0,1,Metering,33,2,"crash increment: [('72714092', '0', '1'), ('72379322', '0', '1')]"
16131/296,16131,296,72379322,09/09 09:49:53,09/09 10:10:59,09/09 10:14:37,09/09 10:22:30,09/09 10:24:49,True,2.3,True,0,1,Failed Cal,55,0,"crash increment: [('72714092', '0', '1'), ('72379322', '0', '1')]"
16131/296,16131,296,72390592,09/09 09:49:53,09/09 10:15:30,09/09 10:14:37,09/09 10:27:46,09/09 10:30:44,True,3.0,True,0,0,Calibrating,40,0,
16022/260,16022,260,70262090,09/09 10:32:05,09/09 11:10:33,09/09 11:18:31,09/09 11:22:29,09/09 11:24:59,True,2.5,True,0,0,Metering,40,0,
16022/260,16022,260,77058339,09/09 10:32:05,09/09 11:12:17,09/09 11:18:31,09/09 11:24:30,09/09 11:27:48,True,3.3,True,0,0,Metering,40,1,
16022/260,16022,260,72378456,09/09 10:32:05,09/09 11:09:28,09/09 11:18:31,,,,,False,0,0,Metering,32,1.339,72378456 dark 36 min
16022/260,16022,260,72714092,09/09 10:32:05,09/09 11:12:57,09/09 11:18:31,09/09 11:26:12,09/09 11:28:03,True,1.8,True,1,1,Metering,43,2,
16022/260,16022,260,72379322,09/09 10:32:05,09/09 11:11:51,09/09 11:18:31,09/09 11:24:24,09/09 11:26:56,True,2.5,True,1,1,Calibrating,40,0,
16022/260,16022,260,72390592,09/09 10:32:05,09/09 11:15:02,09/09 11:18:31,09/09 11:27:37,09/09 11:30:53,True,3.3,True,0,0,Metering,38,0,
16022/260,16022,260,70262090,09/09 13:22:34,09/09 13:16:29,09/09 13:23:40,09/09 13:28:25,09/09 13:31:03,True,2.6,True,0,0,Metering,41,0,
16022/260,16022,260,77058339,09/09 13:22:34,09/09 13:18:12,09/09 13:23:40,09/09 13:30:44,09/09 13:33:59,True,3.2,True,0,0,Metering,33,1,
16022/260,16022,260,72378456,09/09 13:22:34,09/09 13:24:19,09/09 13:23:40,09/09 13:36:42,09/09 13:40:14,True,3.5,True,0,0,Calibrating,40,1,
16022/260,16022,260,72714092,09/09 13:22:34,09/09 13:18:46,09/09 13:23:40,09/09 13:30:58,09/09 13:34:06,True,3.1,True,1,1,Metering,43,2,
16022/260,16022,260,72379322,09/09 13:22:34,09/09 13:19:49,09/09 13:23:40,09/09 13:32:10,09/09 13:33:55,True,1.7,True,1,1,Failed Cal,55,0,
16022/260,16022,260,72390592,09/09 13:22:34,09/09 13:17:30,09/09 13:23:40,09/09 13:29:42,09/09 13:32:55,True,3.2,True,0,0,Metering,40,0,
15090/254,15090,254,70262090,09/09 14:16:36,09/09 14:27:06,09/09 14:25:56,09/09 14:31:04,09/09 14:33:42,True,2.6,True,0,0,Metering,40,0.191,
15090/254,15090,254,77058339,09/09 14:16:36,09/09 14:27:11,09/09 14:25:56,09/09 14:31:10,09/09 14:34:56,True,3.8,True,0,0,Metering,33,0,
15090/254,15090,254,72378456,09/09 14:16:36,09/09 14:27:05,09/09 14:25:56,09/09 14:30:30,09/09 14:34:29,True,4.0,True,0,0,Metering,39,0,
15090/254,15090,254,72714092,09/09 14:16:36,09/09 14:27:05,09/09 14:25:56,09/09 14:31:43,09/09 14:34:22,True,2.7,True,1,1,Metering,33,0,
15090/254,15090,254,72379322,09/09 14:16:36,09/09 14:27:11,09/09 14:25:56,09/09 14:38:12,09/09 14:41:32,True,3.3,True,1,1,Failed Cal,55,0,
15090/254,15090,254,72390592,09/09 14:16:36,09/09 14:27:09,09/09 14:25:56,09/09 14:30:49,09/09 14:34:21,True,3.5,True,0,0,Metering,40,0,
363/219,363,219,70262090,09/09 14:41:27,09/09 14:48:14,09/09 14:52:51,09/09 15:00:26,09/09 15:03:02,True,2.6,True,0,0,Metering,38,0.194,
363/219,363,219,77058339,09/09 14:41:27,09/09 14:54:05,09/09 14:52:51,09/09 15:07:16,09/09 15:10:38,True,3.4,True,0,0,Calibrating,40,3,
363/219,363,219,72378456,09/09 14:41:27,09/09 14:52:56,09/09 14:52:51,09/09 15:05:13,09/09 15:08:28,True,3.2,True,0,0,Metering,39,0,
363/219,363,219,72714092,09/09 14:41:27,09/09 14:48:49,09/09 14:52:51,09/09 15:00:47,09/09 15:03:25,True,2.6,True,1,1,Metering,33,0,
363/219,363,219,72379322,09/09 14:41:27,09/09 14:53:33,09/09 14:52:51,09/09 15:06:03,09/09 15:08:36,True,2.5,True,1,1,Failed Cal,49,0,
363/219,363,219,72390592,09/09 14:41:27,09/09 14:48:37,09/09 14:52:51,09/09 14:56:40,09/09 14:58:56,True,2.3,True,0,0,Metering,33,2,
15147/256,15147,256,70262090,09/09 15:10:25,09/09 15:44:17,09/09 15:43:24,09/09 15:56:12,09/09 15:59:00,True,2.8,True,0,0,Metering,39,0.054,
15147/256,15147,256,77058339,09/09 15:10:25,09/09 15:35:58,09/09 15:43:24,09/09 15:49:00,09/09 15:52:19,True,3.3,True,0,0,Metering,28,0,
15147/256,15147,256,72378456,09/09 15:10:25,09/09 15:42:32,09/09 15:43:24,09/09 15:54:29,09/09 15:56:58,True,2.5,True,0,0,Metering,40,0,
15147/256,15147,256,72714092,09/09 15:10:25,09/09 15:39:10,09/09 15:43:24,09/09 15:50:58,09/09 15:52:57,True,2.0,True,1,1,Metering,42,0.046,
15147/256,15147,256,72379322,09/09 15:10:25,09/09 15:42:20,09/09 15:43:24,09/09 15:55:01,09/09 15:57:10,True,2.2,True,1,1,Failed Cal,49,0,
15147/256,15147,256,72390592,09/09 15:10:25,09/09 15:34:49,09/09 15:43:24,09/09 15:57:22,09/09 15:59:43,True,2.3,True,0,0,Calibrating,40,0,
17032/344,17032,344,70262090,09/09 16:00:02,09/09 16:12:05,09/09 16:13:37,09/09 16:21:47,09/09 16:23:37,True,1.8,False,0,0,Metering,39,6.918,
17032/344,17032,344,77058339,09/09 16:00:02,09/09 16:07:16,09/09 16:13:37,09/09 16:17:53,09/09 16:20:03,True,2.2,False,0,0,Metering,41,0,
17032/344,17032,344,72378456,09/09 16:00:02,09/09 16:10:41,09/09 16:13:37,09/09 16:20:19,09/09 16:22:13,True,1.9,False,0,0,Metering,33,0,
17032/344,17032,344,72714092,09/09 16:00:02,09/09 16:06:29,09/09 16:13:37,09/09 16:16:12,09/09 16:18:05,True,1.9,False,1,1,Metering,33,9.203,
17032/344,17032,344,72379322,09/09 16:00:02,09/09 16:11:57,09/09 16:13:37,09/09 16:24:03,09/09 16:26:08,True,2.1,False,1,1,Failed Cal,49,0,
17032/344,17032,344,72390592,09/09 16:00:02,09/09 16:14:17,09/09 16:13:37,09/09 16:24:19,09/09 16:26:20,True,2.0,False,0,0,Metering,41,0,
17040/354,17040,354,70262090,09/09 16:34:16,09/09 16:46:12,09/09 16:46:41,09/09 16:55:50,09/09 16:57:40,True,1.8,False,0,0,Metering,33,14.893,
17040/354,17040,354,77058339,09/09 16:34:16,09/09 16:41:12,09/09 16:46:41,09/09 16:51:31,09/09 16:53:29,True,2.0,False,0,0,Metering,41,0,
17040/354,17040,354,72378456,09/09 16:34:16,09/09 16:43:05,09/09 16:46:41,09/09 16:53:12,09/09 16:55:08,True,1.9,False,0,0,Metering,33,0,
17040/354,17040,354,72714092,09/09 16:34:16,09/09 16:39:54,09/09 16:46:41,09/09 16:49:47,09/09 16:51:37,True,1.8,False,1,1,Metering,43,16.261,
17040/354,17040,354,72379322,09/09 16:34:16,09/09 16:42:04,09/09 16:46:41,09/09 16:54:18,09/09 16:56:12,True,1.9,False,1,1,Calibrating,40,0,
17040/354,17040,354,72390592,09/09 16:34:16,09/09 16:47:45,09/09 16:46:41,09/09 16:58:10,09/09 17:00:12,True,2.0,False,0,0,Metering,40,0,
16130/296,16130,296,70262090,09/09 17:07:20,09/09 17:22:33,09/09 17:31:04,09/09 17:34:43,09/09 17:37:28,True,2.7,True,0,0,Metering,33,18,
16130/296,16130,296,77058339,09/09 17:07:20,09/09 17:27:31,09/09 17:31:04,09/09 17:39:50,09/09 17:42:08,True,2.3,True,0,0,Metering,41,1,
16130/296,16130,296,72378456,09/09 17:07:20,09/09 17:28:39,09/09 17:31:04,09/09 17:40:35,09/09 17:43:07,True,2.5,True,0,0,Metering,33,0,
16130/296,16130,296,72714092,09/09 17:07:20,09/09 17:25:08,09/09 17:31:04,09/09 17:34:28,09/09 17:36:31,True,2.0,True,2,2,Metering,38,16.009,
16130/296,16130,296,72379322,09/09 17:07:20,09/09 17:32:16,09/09 17:31:04,09/09 17:45:26,09/09 17:47:55,True,2.5,True,2,2,Failed Cal,55,0,
16130/296,16130,296,72390592,09/09 17:07:20,09/09 17:23:42,09/09 17:31:04,09/09 17:36:39,09/09 17:39:03,True,2.4,True,0,0,Metering,38,0,
15085/254,15085,254,70262090,09/09 17:48:38,09/09 18:01:21,09/09 18:10:19,09/09 18:23:39,09/09 18:25:40,True,2.0,True,0,0,Calibrating,40,0,
15085/254,15085,254,77058339,09/09 17:48:38,09/09 18:08:41,09/09 18:10:19,09/09 18:21:31,09/09 18:23:48,True,2.3,True,0,0,Metering,42,0,
15085/254,15085,254,72378456,09/09 17:48:38,09/09 18:07:59,09/09 18:10:19,09/09 18:19:53,09/09 18:22:26,True,2.6,True,0,0,Metering,41,0,
15085/254,15085,254,72714092,09/09 17:48:38,09/09 18:00:55,09/09 18:10:19,09/09 18:21:58,09/09 18:24:01,True,2.0,True,2,2,Metering,43,16,
15085/254,15085,254,72379322,09/09 17:48:38,09/09 18:02:28,09/09 18:10:19,09/09 18:23:31,09/09 18:25:36,True,2.1,True,2,2,Calibrating,40,0,
15085/254,15085,254,72390592,09/09 17:48:38,09/09 18:08:17,09/09 18:10:19,09/09 18:20:46,09/09 18:24:01,True,3.3,True,0,0,Metering,41,0,
17060/368,17060,368,70262090,09/09 18:26:03,09/09 18:40:07,09/09 18:39:30,09/09 18:49:56,09/09 18:51:54,True,2.0,False,0,0,Metering,38,0,
17060/368,17060,368,77058339,09/09 18:26:03,09/09 18:38:20,09/09 18:39:30,09/09 18:47:57,09/09 18:50:02,True,2.1,False,0,0,Metering,42,0,
17060/368,17060,368,72378456,09/09 18:26:03,09/09 18:36:47,09/09 18:39:30,09/09 18:46:23,09/09 18:48:34,True,2.2,False,0,0,Metering,40,0,
17060/368,17060,368,72714092,09/09 18:26:03,09/09 18:38:00,09/09 18:39:30,09/09 18:47:21,09/09 18:49:11,True,1.8,False,2,2,Metering,38,16,
17060/368,17060,368,72379322,09/09 18:26:03,09/09 18:40:25,09/09 18:39:30,09/09 18:52:21,09/09 18:54:14,True,1.9,False,2,2,Failed Cal,55,0,
17060/368,17060,368,72390592,09/09 18:26:03,09/09 18:38:10,09/09 18:39:30,09/09 18:47:42,09/09 18:49:42,True,2.0,False,0,0,Metering,40,0,
