device_serial,tb_device_id,property_group,apartment,state_now,was_metering_before_17088,hours_since_17088_landed,failure_mode,root_cause,evidence,recommended_action,fwVerTi,rsrp,VddAdc,noWater_attr
70259476,745f1d90-ad43-11f0-98a7-c3bc57f9afe3,Backwater MHC,10,Calibrating,yes,32,GATE-LOOP,"ST 17086-17090 watchdog reset leaves the TI parked at its cal gate; reset every 20 min, aggregates frozen, TI at boot values (gain 40 / env 30 / amp 0)",wdResets=39; gain=40; amp=0; meteringDuty=75%; gal7d=42,Pin gen2fw 17091 once the bench pair is 24 h clean; no other remote lever clears it,391,-76,3658,false
72722046,4f6f2ab0-d21f-11f0-b691-d965a62fa4fa,Crystal Acres MHC,16,Calibrating,yes,56,GATE-LOOP,"ST 17086-17090 watchdog reset leaves the TI parked at its cal gate; reset every 20 min, aggregates frozen, TI at boot values (gain 40 / env 30 / amp 0)",wdResets=69; gain=40; amp=0; meteringDuty=44%; gal7d=-1,Pin gen2fw 17091 once the bench pair is 24 h clean; no other remote lever clears it,391,-106,3666,false
70269160,746591e0-a940-11f0-98a7-c3bc57f9afe3,Crystal Acres MHC,22,Calibrating,yes,53,GATE-LOOP,"ST 17086-17090 watchdog reset leaves the TI parked at its cal gate; reset every 20 min, aggregates frozen, TI at boot values (gain 40 / env 30 / amp 0)",wdResets=101; gain=40; amp=0; meteringDuty=89%; gal7d=1117,Pin gen2fw 17091 once the bench pair is 24 h clean; no other remote lever clears it,391,-118,3623,false
70269301,e3c37010-a941-11f0-98a7-c3bc57f9afe3,Crystal Acres MHC,41,Calibrating,yes,31,GATE-LOOP,"ST 17086-17090 watchdog reset leaves the TI parked at its cal gate; reset every 20 min, aggregates frozen, TI at boot values (gain 40 / env 30 / amp 0)",wdResets=54; gain=40; amp=0; meteringDuty=76%; gal7d=71,Pin gen2fw 17091 once the bench pair is 24 h clean; no other remote lever clears it,391,-112,3653,false
79461073,5bcbb420-3f31-11f1-b39d-b550dfb4ab8b,Holly Tree MHP,34,Calibrating,yes,29,GATE-LOOP,"ST 17086-17090 watchdog reset leaves the TI parked at its cal gate; reset every 20 min, aggregates frozen, TI at boot values (gain 40 / env 30 / amp 0)",wdResets=28; gain=40; amp=0; meteringDuty=76%; gal7d=613,Pin gen2fw 17091 once the bench pair is 24 h clean; no other remote lever clears it,391,-117,3660,false
77052258,48434f10-26a7-11f0-8272-45e3ef110760,Holly Tree MHP,67,Calibrating,yes,30,GATE-LOOP,"ST 17086-17090 watchdog reset leaves the TI parked at its cal gate; reset every 20 min, aggregates frozen, TI at boot values (gain 40 / env 30 / amp 0)",wdResets=30; gain=40; amp=0; meteringDuty=76%; gal7d=264,Pin gen2fw 17091 once the bench pair is 24 h clean; no other remote lever clears it,391,-107,3618,false
77060855,7e0fcd50-3d9d-11f0-8e55-b138a1c03c8e,Sara Drive MHP,1029,Calibrating,yes,55,GATE-LOOP,"ST 17086-17090 watchdog reset leaves the TI parked at its cal gate; reset every 20 min, aggregates frozen, TI at boot values (gain 40 / env 30 / amp 0)",wdResets=129; gain=40; amp=0; meteringDuty=0%; gal7d=516,Pin gen2fw 17091 once the bench pair is 24 h clean; no other remote lever clears it,391,-118,3631,false
79466379,1cb19300-545c-11f1-b1bb-f3574cce671d,Shady Lane MHP-Cust,106 Shady Lane,Calibrating,yes,53,GATE-LOOP,"ST 17086-17090 watchdog reset leaves the TI parked at its cal gate; reset every 20 min, aggregates frozen, TI at boot values (gain 40 / env 30 / amp 0)",wdResets=89; gain=40; amp=0; meteringDuty=41%; gal7d=120,Pin gen2fw 17091 once the bench pair is 24 h clean; no other remote lever clears it,391,-109,3641,false
65829312,85b1f1a0-e07d-11ef-a5fd-a97d57576080,Virginia Beach HOA - Cust,145,Calibrating,yes,55,GATE-LOOP,"ST 17086-17090 watchdog reset leaves the TI parked at its cal gate; reset every 20 min, aggregates frozen, TI at boot values (gain 40 / env 30 / amp 0)",wdResets=54; gain=40; amp=0; meteringDuty=26%; gal7d=68,Pin gen2fw 17091 once the bench pair is 24 h clean; no other remote lever clears it,391,-102,3646,false
75361806,a5ec3540-4d71-11f1-b1bb-f3574cce671d,Virginia Beach HOA - Cust,2,Calibrating,yes,54,GATE-LOOP,"ST 17086-17090 watchdog reset leaves the TI parked at its cal gate; reset every 20 min, aggregates frozen, TI at boot values (gain 40 / env 30 / amp 0)",wdResets=131; gain=40; amp=0; meteringDuty=44%; gal7d=30,Pin gen2fw 17091 once the bench pair is 24 h clean; no other remote lever clears it,391,-114,3663,false
72383068,3a2fb640-9a72-11f0-b5af-5dfa9891b485,Whispering Pines Mobile Estates-CUST,500,Calibrating,yes,54,GATE-LOOP,"ST 17086-17090 watchdog reset leaves the TI parked at its cal gate; reset every 20 min, aggregates frozen, TI at boot values (gain 40 / env 30 / amp 0)",wdResets=122; gain=40; amp=0; meteringDuty=41%; gal7d=232,Pin gen2fw 17091 once the bench pair is 24 h clean; no other remote lever clears it,391,-99,3632,false
65831581,12317560-cf71-11ef-8f43-73c96c0de66f,Alta Vista MHC-CUST,4,Metering,yes,53,COMPRESSED-SIGNAL,"Calibration latched onto too much gain; receive signal compressed/saturated, tnorm noisy, offset tracker cannot lock",wdResets=2; gain=52; amp=460; tnormSd=3374; meteringDuty=71%; gal7d=20,"recalibrate=true (then delete the attr); if it re-locks high, pin gain into the site band (~25-30)",391,-116,3647,false
70266968,1144b3c0-6674-11f0-8658-7f4e94e41769,Rustic Acres MHC-CUST,59,Metering,yes,79,COMPRESSED-SIGNAL,"Calibration latched onto too much gain; receive signal compressed/saturated, tnorm noisy, offset tracker cannot lock",gain=47; amp=2901; tnormSd=473; meteringDuty=70%; gal7d=481,"recalibrate=true (then delete the attr); if it re-locks high, pin gain into the site band (~25-30)",391,-124,3649,false
72378498,3d552d50-8375-11f0-8b4a-0d0197d44616,Westview Mobile Estates MHC,220-REMOVED,Failed Cal,yes,30,COMPRESSED-SIGNAL,"Calibration latched onto too much gain; receive signal compressed/saturated, tnorm noisy, offset tracker cannot lock",gain=55; amp=2811; meteringDuty=0%; gal7d=150568,"recalibrate=true (then delete the attr); if it re-locks high, pin gain into the site band (~25-30)",391,-110,3624,false
72717020,e7ce4200-d4c7-11f0-b691-d965a62fa4fa,Backwater MHC,26-2OF2,Failed Cal,yes,31,CAL-FAIL (signal present),Failed Cal with an echo present (amp 370-1030) at max gain 52-55; v391 cal does not converge on this pipe/coupling,gain=52; amp=816; meteringDuty=0%; gal7d=14,"Bench: pull cal telemetry, check pipe type/size attrs vs install; field: re-seat transducer / check coupling",391,-75,3663,false
77036889,5088dab0-26ce-11f0-8272-45e3ef110760,Pelican Shores North HOA - Cust,12636,Failed Cal,yes,68,CAL-FAIL (signal present),Failed Cal with an echo present (amp 370-1030) at max gain 52-55; v391 cal does not converge on this pipe/coupling,wdResets=2; gain=52; amp=930; meteringDuty=94%; gal7d=25578,"Bench: pull cal telemetry, check pipe type/size attrs vs install; field: re-seat transducer / check coupling",391,-116,3627,false
77055145,87b7e210-3db7-11f0-8e55-b138a1c03c8e,The Oaks MHC,20,Failed Cal,yes,9,CAL-FAIL (signal present),Failed Cal with an echo present (amp 370-1030) at max gain 52-55; v391 cal does not converge on this pipe/coupling,gain=55; amp=368; meteringDuty=0%; gal7d=66,"Bench: pull cal telemetry, check pipe type/size attrs vs install; field: re-seat transducer / check coupling",391,-99,3645,false
77057596,53c2d000-26ce-11f0-8272-45e3ef110760,The Oaks MHC,37,Failed Cal,yes,10,CAL-FAIL (signal present),Failed Cal with an echo present (amp 370-1030) at max gain 52-55; v391 cal does not converge on this pipe/coupling,gain=52; amp=1030; meteringDuty=0%; gal7d=1043,"Bench: pull cal telemetry, check pipe type/size attrs vs install; field: re-seat transducer / check coupling",391,-96,3652,false
70272180,75a7d5e0-a940-11f0-98a7-c3bc57f9afe3,Crystal Acres MHC,6,Metering,yes,31,OTHER,Metering now but only 23-76% of the time since landing; gate-loop survivors and post-crossing cal churn,wdResets=9; gain=42; amp=1016; tnormSd=95; meteringDuty=23%; gal7d=923,Watch 48 h; escalate to recalibrate if duty does not reach 80%,391,-116,3635,false
72723432,626d0930-f186-11f0-8900-8bd481ce9a44,Johnson's Trailer Park,14,Metering,yes,56,OTHER,Metering now but only 23-76% of the time since landing; gate-loop survivors and post-crossing cal churn,gain=52; amp=321; tnormSd=585; meteringDuty=36%; gal7d=252,Watch 48 h; escalate to recalibrate if duty does not reach 80%,391,-100,3622,false
75369502,cdee3650-f651-11f0-b153-63024d3301e1,Pace East,11,Metering,yes,73,OTHER,Metering now but only 23-76% of the time since landing; gate-loop survivors and post-crossing cal churn,gain=48; amp=269; tnormSd=471; meteringDuty=34%; gal7d=92,Watch 48 h; escalate to recalibrate if duty does not reach 80%,391,-94,3635,false
65824917,704a9de0-25d7-11f0-8272-45e3ef110760,Shady Lane MHP-Cust,40 Maple Lane APT #0,Metering,yes,53,OTHER,Metering now but only 23-76% of the time since landing; gate-loop survivors and post-crossing cal churn,gain=23; amp=1320; tnormSd=25; meteringDuty=59%; gal7d=62,Watch 48 h; escalate to recalibrate if duty does not reach 80%,391,-100,3637,false
75369098,e9bd4b10-545b-11f1-b1bb-f3574cce671d,Shady Lane MHP-Cust,5013 Spruce Lane,Metering,yes,55,OTHER,Metering now but only 23-76% of the time since landing; gate-loop survivors and post-crossing cal churn,wdResets=1; gain=38; amp=1967; tnormSd=321; meteringDuty=58%; gal7d=519,Watch 48 h; escalate to recalibrate if duty does not reach 80%,391,-117,3655,false
77058057,15d78520-26b4-11f0-8272-45e3ef110760,The Oaks MHC,30,Metering,yes,9,OTHER,Metering now but only 23-76% of the time since landing; gate-loop survivors and post-crossing cal churn,gain=43; amp=284; tnormSd=949; meteringDuty=74%; gal7d=566,Watch 48 h; escalate to recalibrate if duty does not reach 80%,391,-111,3661,false
72390030,ad379e60-9a2b-11f0-b5af-5dfa9891b485,Virginia Beach HOA - Cust,159,Metering,yes,80,OTHER,Metering now but only 23-76% of the time since landing; gate-loop survivors and post-crossing cal churn,gain=32; amp=830; tnormSd=174; meteringDuty=28%; gal7d=-1,Watch 48 h; escalate to recalibrate if duty does not reach 80%,391,-110,3595,false
72382805,e59043f0-98f2-11f0-b5af-5dfa9891b485,Virginia Beach HOA - Cust,39,Metering,yes,77,OTHER,Metering now but only 23-76% of the time since landing; gate-loop survivors and post-crossing cal churn,gain=48; amp=858; tnormSd=203; meteringDuty=68%; gal7d=53,Watch 48 h; escalate to recalibrate if duty does not reach 80%,391,-104,3629,false
70266141,5e8e2d60-a971-11f0-98a7-c3bc57f9afe3,Crystal Acres MHC,39,Calibrating,yes,6,RECAL-ACTIVE (<48 h),Landed under 48 h ago; calibration in progress with values moving,gain=32; amp=379; tnormSd=60; meteringDuty=0%; gal7d=1,Wait one more cycle,391,-105,3646,false
79457204,7c82bdb0-89f2-11f1-a1a6-391af391818e,Lake of the Pines Community Association - Cust,107-KMB,Calibrating,yes,29,RECAL-ACTIVE (<48 h),Landed under 48 h ago; calibration in progress with values moving,gain=40; amp=156; meteringDuty=0%; gal7d=427,Wait one more cycle,391,-112,3656,false
65825385,247f6cd0-26a7-11f0-8272-45e3ef110760,Aurora MHC,149-OLD,Calibrating,yes,83,"CALIBRATING (>48 h, no loop)","Calibrating for days with cal values changing, no watchdog resets, register flat: v391 surface walk never commits on this unit; pre-existing before 17088",gain=40; amp=0; meteringDuty=8%; gal7d=896,Bench root cause on a sample of 10 (cal telemetry); candidates for the calMinBlank / pipe-fit review,391,-119,3560,false
75370591,2b1c9d30-6c13-11f1-9333-3b2cfe68422f,(no group),22-DOUBLETREE-CT,Calibrating,no,52,GATE-LOOP,"ST 17086-17090 watchdog reset leaves the TI parked at its cal gate; reset every 20 min, aggregates frozen, TI at boot values (gain 40 / env 30 / amp 0)",wdResets=82; gain=40; amp=0; gal7d=0,Pin gen2fw 17091 once the bench pair is 24 h clean; no other remote lever clears it,391,-102,3646,true
79467617,f27316b0-8ad2-11f1-a1a6-391af391818e,Aurora MHC,155,Calibrating,no,77,GATE-LOOP,"ST 17086-17090 watchdog reset leaves the TI parked at its cal gate; reset every 20 min, aggregates frozen, TI at boot values (gain 40 / env 30 / amp 0)",wdResets=137; gain=40; amp=105; gal7d=113,Pin gen2fw 17091 once the bench pair is 24 h clean; no other remote lever clears it,391,-97,3661,false
75368405,14d2b740-4cc8-11f1-b1bb-f3574cce671d,Haven MHP,3,Calibrating,no,54,GATE-LOOP,"ST 17086-17090 watchdog reset leaves the TI parked at its cal gate; reset every 20 min, aggregates frozen, TI at boot values (gain 40 / env 30 / amp 0)",wdResets=84; gain=40; amp=43; gal7d=6,Pin gen2fw 17091 once the bench pair is 24 h clean; no other remote lever clears it,391,-93,3669,false
70269251,8a11ff10-62a0-11f0-8658-7f4e94e41769,Kachina,6,Calibrating,no,74,GATE-LOOP,"ST 17086-17090 watchdog reset leaves the TI parked at its cal gate; reset every 20 min, aggregates frozen, TI at boot values (gain 40 / env 30 / amp 0)",wdResets=40; gain=28; amp=271; gal7d=0,Pin gen2fw 17091 once the bench pair is 24 h clean; no other remote lever clears it,391,-98,3628,false
72386996,5154af00-ad3d-11f0-98a7-c3bc57f9afe3,Lake Road Village RV Park-Cust,5,Calibrating,no,60,GATE-LOOP,"ST 17086-17090 watchdog reset leaves the TI parked at its cal gate; reset every 20 min, aggregates frozen, TI at boot values (gain 40 / env 30 / amp 0)",wdResets=149; gain=40; amp=0; gal7d=9,Pin gen2fw 17091 once the bench pair is 24 h clean; no other remote lever clears it,391,-104,3640,false
72390634,ad86de10-98f2-11f0-b5af-5dfa9891b485,Mena Estates MHC,139BONNER,Calibrating,no,53,GATE-LOOP,"ST 17086-17090 watchdog reset leaves the TI parked at its cal gate; reset every 20 min, aggregates frozen, TI at boot values (gain 40 / env 30 / amp 0)",wdResets=95; gain=40; amp=0; gal7d=717,Pin gen2fw 17091 once the bench pair is 24 h clean; no other remote lever clears it,391,-97,3642,false
70261639,68837010-6695-11f0-8658-7f4e94e41769,Whispering Pines Mobile Estates-CUST,107,Calibrating,no,58,GATE-LOOP,"ST 17086-17090 watchdog reset leaves the TI parked at its cal gate; reset every 20 min, aggregates frozen, TI at boot values (gain 40 / env 30 / amp 0)",wdResets=122; gain=40; amp=0; gal7d=25,Pin gen2fw 17091 once the bench pair is 24 h clean; no other remote lever clears it,391,-101,3635,false
70268956,58afcf60-9fd6-11f0-b5af-5dfa9891b485,Whispering Pines Mobile Estates-CUST,217,Calibrating,no,54,GATE-LOOP,"ST 17086-17090 watchdog reset leaves the TI parked at its cal gate; reset every 20 min, aggregates frozen, TI at boot values (gain 40 / env 30 / amp 0)",wdResets=53; gain=40; amp=114; gal7d=22,Pin gen2fw 17091 once the bench pair is 24 h clean; no other remote lever clears it,391,-101,3635,false
72720263,ed003220-c431-11f0-9842-6d029661c338,8 OnElaine,"2314-1102,1202",Failed Cal,no,73,CAL-FAIL (signal present),Failed Cal with an echo present (amp 370-1030) at max gain 52-55; v391 cal does not converge on this pipe/coupling,gain=55; amp=409; gal7d=0,"Bench: pull cal telemetry, check pipe type/size attrs vs install; field: re-seat transducer / check coupling",391,-97,3603,false
72389412,ff256a60-82e1-11f0-8b4a-0d0197d44616,Aurora MHC,172,Failed Cal,no,81,CAL-FAIL (signal present),Failed Cal with an echo present (amp 370-1030) at max gain 52-55; v391 cal does not converge on this pipe/coupling,gain=55; amp=596; gal7d=0,"Bench: pull cal telemetry, check pipe type/size attrs vs install; field: re-seat transducer / check coupling",391,-106,3633,false
70269897,dead07a0-5223-11f0-acb1-514e01860b07,Broken Arrow MHP - Cust,6111-197TH-ST,Failed Cal,no,55,CAL-FAIL (signal present),Failed Cal with an echo present (amp 370-1030) at max gain 52-55; v391 cal does not converge on this pipe/coupling,gain=55; amp=186; gal7d=0,"Bench: pull cal telemetry, check pipe type/size attrs vs install; field: re-seat transducer / check coupling",391,-111,3657,false
70265689,d106c850-9e6a-11f0-b5af-5dfa9891b485,Carolina Springs MHP-CUST,CSP160-1888-BLAKEST,Failed Cal,no,7,CAL-FAIL (signal present),Failed Cal with an echo present (amp 370-1030) at max gain 52-55; v391 cal does not converge on this pipe/coupling,gain=55; amp=363; gal7d=0,"Bench: pull cal telemetry, check pipe type/size attrs vs install; field: re-seat transducer / check coupling",391,-107,3626,false
70267115,287c9c60-6674-11f0-8658-7f4e94e41769,Estancia MHP-CUST,159,Failed Cal,no,54,CAL-FAIL (signal present),Failed Cal with an echo present (amp 370-1030) at max gain 52-55; v391 cal does not converge on this pipe/coupling,gain=55; amp=355; gal7d=0,"Bench: pull cal telemetry, check pipe type/size attrs vs install; field: re-seat transducer / check coupling",391,-112,3644,false
72724307,f6324990-06a4-11f1-a3d9-c99c67c82bc1,Estancia MHP-CUST,4,Failed Cal,no,28,CAL-FAIL (signal present),Failed Cal with an echo present (amp 370-1030) at max gain 52-55; v391 cal does not converge on this pipe/coupling,gain=55; amp=300; gal7d=0,"Bench: pull cal telemetry, check pipe type/size attrs vs install; field: re-seat transducer / check coupling",391,-99,3650,false
72715123,df3550e0-c426-11f0-9842-6d029661c338,Freedom MHP,8,Failed Cal,no,54,CAL-FAIL (signal present),Failed Cal with an echo present (amp 370-1030) at max gain 52-55; v391 cal does not converge on this pipe/coupling,gain=55; amp=529; gal7d=0,"Bench: pull cal telemetry, check pipe type/size attrs vs install; field: re-seat transducer / check coupling",391,-77,3630,false
65825500,2e931240-e984-11ef-b35e-23eef2ba43da,Green Grove Trailer Court MHC,15,Failed Cal,no,58,CAL-FAIL (signal present),Failed Cal with an echo present (amp 370-1030) at max gain 52-55; v391 cal does not converge on this pipe/coupling,gain=52; amp=435; gal7d=0,"Bench: pull cal telemetry, check pipe type/size attrs vs install; field: re-seat transducer / check coupling",391,-96,3661,false
72721865,a4c32760-c431-11f0-9842-6d029661c338,Kay Bee Mobile Villa MHP,14,Failed Cal,no,74,CAL-FAIL (signal present),Failed Cal with an echo present (amp 370-1030) at max gain 52-55; v391 cal does not converge on this pipe/coupling,gain=52; amp=201; gal7d=0,"Bench: pull cal telemetry, check pipe type/size attrs vs install; field: re-seat transducer / check coupling",391,-105,3651,false
72380866,627f6590-84a2-11f0-8b4a-0d0197d44616,Lafountaine MHC,125CC,Failed Cal,no,52,CAL-FAIL (signal present),Failed Cal with an echo present (amp 370-1030) at max gain 52-55; v391 cal does not converge on this pipe/coupling,gain=55; amp=453; gal7d=0,"Bench: pull cal telemetry, check pipe type/size attrs vs install; field: re-seat transducer / check coupling",391,-101,3634,false
70266901,d4013360-62b0-11f0-8658-7f4e94e41769,Maple Run MHC-CUST,11,Failed Cal,no,53,CAL-FAIL (signal present),Failed Cal with an echo present (amp 370-1030) at max gain 52-55; v391 cal does not converge on this pipe/coupling,gain=52; amp=378; gal7d=0,"Bench: pull cal telemetry, check pipe type/size attrs vs install; field: re-seat transducer / check coupling",391,-118,3606,false
75365096,676f5960-4d02-11f1-b1bb-f3574cce671d,Pace East,54,Failed Cal,no,73,CAL-FAIL (signal present),Failed Cal with an echo present (amp 370-1030) at max gain 52-55; v391 cal does not converge on this pipe/coupling,gain=52; amp=337; gal7d=0,"Bench: pull cal telemetry, check pipe type/size attrs vs install; field: re-seat transducer / check coupling",391,-103,3671,false
70270440,283aff90-c4e7-11f0-9842-6d029661c338,Parker MHC-CUST,11,Failed Cal,no,54,CAL-FAIL (signal present),Failed Cal with an echo present (amp 370-1030) at max gain 52-55; v391 cal does not converge on this pipe/coupling,gain=52; amp=467; gal7d=0,"Bench: pull cal telemetry, check pipe type/size attrs vs install; field: re-seat transducer / check coupling",391,-87,3648,false
70259468,b48c4c80-666c-11f0-8658-7f4e94e41769,Parkview MHP-Cust,47,Failed Cal,no,51,CAL-FAIL (signal present),Failed Cal with an echo present (amp 370-1030) at max gain 52-55; v391 cal does not converge on this pipe/coupling,gain=55; amp=241; gal7d=0,"Bench: pull cal telemetry, check pipe type/size attrs vs install; field: re-seat transducer / check coupling",391,-93,3642,false
72385337,0942fa90-842b-11f0-8b4a-0d0197d44616,Ponderosa MHC,3,Failed Cal,no,52,CAL-FAIL (signal present),Failed Cal with an echo present (amp 370-1030) at max gain 52-55; v391 cal does not converge on this pipe/coupling,gain=55; amp=231; gal7d=0,"Bench: pull cal telemetry, check pipe type/size attrs vs install; field: re-seat transducer / check coupling",391,-117,3628,false
72392853,3ae18440-8430-11f0-8b4a-0d0197d44616,Ponderosa MHC,3-2,Failed Cal,no,54,CAL-FAIL (signal present),Failed Cal with an echo present (amp 370-1030) at max gain 52-55; v391 cal does not converge on this pipe/coupling,gain=55; amp=264; gal7d=0,"Bench: pull cal telemetry, check pipe type/size attrs vs install; field: re-seat transducer / check coupling",391,-107,3620,false
70263882,56aaa610-8436-11f0-8b4a-0d0197d44616,Ponderosa MHC,51,Failed Cal,no,27,CAL-FAIL (signal present),Failed Cal with an echo present (amp 370-1030) at max gain 52-55; v391 cal does not converge on this pipe/coupling,gain=55; amp=388; gal7d=0,"Bench: pull cal telemetry, check pipe type/size attrs vs install; field: re-seat transducer / check coupling",391,-120,3636,false
72720677,8fea2ac0-c7bd-11f0-9842-6d029661c338,Riverview Apartments MF,34,Failed Cal,no,55,CAL-FAIL (signal present),Failed Cal with an echo present (amp 370-1030) at max gain 52-55; v391 cal does not converge on this pipe/coupling,gain=55; amp=219; gal7d=0,"Bench: pull cal telemetry, check pipe type/size attrs vs install; field: re-seat transducer / check coupling",391,-71,3641,false
79467906,6e61b720-86bb-11f1-a1a6-391af391818e,Smitty's MHP,85,Failed Cal,no,30,CAL-FAIL (signal present),Failed Cal with an echo present (amp 370-1030) at max gain 52-55; v391 cal does not converge on this pipe/coupling,gain=52; amp=509; gal7d=0,"Bench: pull cal telemetry, check pipe type/size attrs vs install; field: re-seat transducer / check coupling",391,-99,3667,false
72384520,23da5070-82ef-11f0-8b4a-0d0197d44616,Stafford MHC-CUST,227,Failed Cal,no,55,CAL-FAIL (signal present),Failed Cal with an echo present (amp 370-1030) at max gain 52-55; v391 cal does not converge on this pipe/coupling,gain=55; amp=310; gal7d=0,"Bench: pull cal telemetry, check pipe type/size attrs vs install; field: re-seat transducer / check coupling",391,-124,3635,false
72390147,bf4a1e00-8385-11f0-8b4a-0d0197d44616,Stafford MHC-CUST,259,Failed Cal,no,52,CAL-FAIL (signal present),Failed Cal with an echo present (amp 370-1030) at max gain 52-55; v391 cal does not converge on this pipe/coupling,wdResets=75; gain=52; amp=253; gal7d=11,"Bench: pull cal telemetry, check pipe type/size attrs vs install; field: re-seat transducer / check coupling",391,-108,3627,false
72392259,bb4ad8f0-82ed-11f0-8b4a-0d0197d44616,Stafford MHC-CUST,365,Failed Cal,no,52,CAL-FAIL (signal present),Failed Cal with an echo present (amp 370-1030) at max gain 52-55; v391 cal does not converge on this pipe/coupling,gain=55; amp=459; gal7d=0,"Bench: pull cal telemetry, check pipe type/size attrs vs install; field: re-seat transducer / check coupling",391,-104,3634,false
72717459,af56e230-c42b-11f0-9842-6d029661c338,Stafford MHC-CUST,385,Failed Cal,no,53,CAL-FAIL (signal present),Failed Cal with an echo present (amp 370-1030) at max gain 52-55; v391 cal does not converge on this pipe/coupling,gain=55; amp=242; gal7d=0,"Bench: pull cal telemetry, check pipe type/size attrs vs install; field: re-seat transducer / check coupling",391,-99,3624,false
72378928,6b2c0830-9e77-11f0-b5af-5dfa9891b485,Whispering Pines Mobile Estates-CUST,703,Failed Cal,no,53,CAL-FAIL (signal present),Failed Cal with an echo present (amp 370-1030) at max gain 52-55; v391 cal does not converge on this pipe/coupling,gain=55; amp=334; gal7d=0,"Bench: pull cal telemetry, check pipe type/size attrs vs install; field: re-seat transducer / check coupling",391,-89,3624,false
72715768,5f603fd0-c50f-11f0-9842-6d029661c338,(no group),105-DOWNINTHEWALL,Calibrating,no,27,"CALIBRATING (>48 h, no loop)","Calibrating for days with cal values changing, no watchdog resets, register flat: v391 surface walk never commits on this unit; pre-existing before 17088",gain=28; amp=57; gal7d=0,Bench root cause on a sample of 10 (cal telemetry); candidates for the calMinBlank / pipe-fit review,391,-112,3637,false
79462147,45a6ed70-4d0c-11f1-b1bb-f3574cce671d,(no group),12-SHENNADOH-DR,Calibrating,no,52,"CALIBRATING (>48 h, no loop)","Calibrating for days with cal values changing, no watchdog resets, register flat: v391 surface walk never commits on this unit; pre-existing before 17088",gain=40; amp=25; gal7d=0,Bench root cause on a sample of 10 (cal telemetry); candidates for the calMinBlank / pipe-fit review,391,-93,3660,false
72718119,a11dba70-c4ff-11f0-9842-6d029661c338,(no group),727103,Calibrating,no,27,"CALIBRATING (>48 h, no loop)","Calibrating for days with cal values changing, no watchdog resets, register flat: v391 surface walk never commits on this unit; pre-existing before 17088",gain=40; amp=47; gal7d=0,Bench root cause on a sample of 10 (cal telemetry); candidates for the calMinBlank / pipe-fit review,391,-87,3647,false
72718887,45ad5320-d4c8-11f0-b691-d965a62fa4fa,103 West Broadway,113-4,Calibrating,no,75,"CALIBRATING (>48 h, no loop)","Calibrating for days with cal values changing, no watchdog resets, register flat: v391 surface walk never commits on this unit; pre-existing before 17088",gain=40; amp=31; gal7d=0,Bench root cause on a sample of 10 (cal telemetry); candidates for the calMinBlank / pipe-fit review,391,-87,3668,false
77061143,13be6920-26b4-11f0-8272-45e3ef110760,Alta Vista MHC-CUST,28,Calibrating,no,4,"CALIBRATING (>48 h, no loop)","Calibrating for days with cal values changing, no watchdog resets, register flat: v391 surface walk never commits on this unit; pre-existing before 17088",gain=40; amp=74; gal7d=0,Bench root cause on a sample of 10 (cal telemetry); candidates for the calMinBlank / pipe-fit review,391,-111,3638,false
70263098,9607ac20-62a0-11f0-8658-7f4e94e41769,Alta Vista MHC-CUST,45,Calibrating,no,52,"CALIBRATING (>48 h, no loop)","Calibrating for days with cal values changing, no watchdog resets, register flat: v391 surface walk never commits on this unit; pre-existing before 17088",gain=40; amp=32; gal7d=0,Bench root cause on a sample of 10 (cal telemetry); candidates for the calMinBlank / pipe-fit review,391,-109,3655,false
70259120,98e3bbf0-666f-11f0-8658-7f4e94e41769,Aurora MHC,155-OLD,Calibrating,no,80,"CALIBRATING (>48 h, no loop)","Calibrating for days with cal values changing, no watchdog resets, register flat: v391 surface walk never commits on this unit; pre-existing before 17088",gain=40; amp=119; gal7d=0,Bench root cause on a sample of 10 (cal telemetry); candidates for the calMinBlank / pipe-fit review,391,-119,3653,false
70264005,046895a0-5bb0-11f0-9fcd-87e94e720126,Aurora MHC,193,Calibrating,no,79,"CALIBRATING (>48 h, no loop)","Calibrating for days with cal values changing, no watchdog resets, register flat: v391 surface walk never commits on this unit; pre-existing before 17088",gain=40; amp=78; gal7d=-1,Bench root cause on a sample of 10 (cal telemetry); candidates for the calMinBlank / pipe-fit review,391,-87,3560,false
77042093,9b727000-269b-11f0-8272-45e3ef110760,Aurora MHC,224,Calibrating,no,78,"CALIBRATING (>48 h, no loop)","Calibrating for days with cal values changing, no watchdog resets, register flat: v391 surface walk never commits on this unit; pre-existing before 17088",gain=55; amp=548; gal7d=-1,Bench root cause on a sample of 10 (cal telemetry); candidates for the calMinBlank / pipe-fit review,391,-103,3507,false
79461628,eab0dcc0-39d6-11f1-b198-172a4a9f25c9,Blue Sky Village MHC,28,Calibrating,no,52,"CALIBRATING (>48 h, no loop)","Calibrating for days with cal values changing, no watchdog resets, register flat: v391 surface walk never commits on this unit; pre-existing before 17088",gain=40; amp=28; gal7d=0,Bench root cause on a sample of 10 (cal telemetry); candidates for the calMinBlank / pipe-fit review,391,-94,3666,false
72723424,03eff120-01de-11f1-af1d-29d4205d602a,Brian Fries 5YR,,Calibrating,no,67,"CALIBRATING (>48 h, no loop)","Calibrating for days with cal values changing, no watchdog resets, register flat: v391 surface walk never commits on this unit; pre-existing before 17088",gain=40; amp=22; gal7d=0,Bench root cause on a sample of 10 (cal telemetry); candidates for the calMinBlank / pipe-fit review,391,-96,3641,false
75368272,a2b2dc30-4d71-11f1-b1bb-f3574cce671d,Broken Arrow MHP - Cust,6101-198TH-ST,Calibrating,no,52,"CALIBRATING (>48 h, no loop)","Calibrating for days with cal values changing, no watchdog resets, register flat: v391 surface walk never commits on this unit; pre-existing before 17088",gain=40; amp=26; gal7d=0,Bench root cause on a sample of 10 (cal telemetry); candidates for the calMinBlank / pipe-fit review,391,-105,3657,false
77054627,c9bd1220-35a6-11f0-8e55-b138a1c03c8e,Carolina Springs MHP-CUST,CSP106-390-RIDGELINECT-2OF2,Calibrating,no,53,"CALIBRATING (>48 h, no loop)","Calibrating for days with cal values changing, no watchdog resets, register flat: v391 surface walk never commits on this unit; pre-existing before 17088",gain=43; amp=240; gal7d=-1,Bench root cause on a sample of 10 (cal telemetry); candidates for the calMinBlank / pipe-fit review,391,-110,3657,false
70265655,785690f0-9e65-11f0-b5af-5dfa9891b485,Carolina Springs MHP-CUST,CSP123-385-RIVERBASINCT,Calibrating,no,55,"CALIBRATING (>48 h, no loop)","Calibrating for days with cal values changing, no watchdog resets, register flat: v391 surface walk never commits on this unit; pre-existing before 17088",gain=40; amp=19; gal7d=-1,Bench root cause on a sample of 10 (cal telemetry); candidates for the calMinBlank / pipe-fit review,391,-114,3640,false
72384843,495f0f90-9e59-11f0-b5af-5dfa9891b485,Carolina Springs MHP-CUST,CSP46-1757-GIBSONST,Calibrating,no,53,"CALIBRATING (>48 h, no loop)","Calibrating for days with cal values changing, no watchdog resets, register flat: v391 surface walk never commits on this unit; pre-existing before 17088",gain=40; amp=86; gal7d=-1,Bench root cause on a sample of 10 (cal telemetry); candidates for the calMinBlank / pipe-fit review,391,-110,3640,false
72386459,d1ebf830-9e6a-11f0-b5af-5dfa9891b485,Carolina Springs MHP-CUST,CSP95-1721-GILMOREST,Calibrating,no,54,"CALIBRATING (>48 h, no loop)","Calibrating for days with cal values changing, no watchdog resets, register flat: v391 surface walk never commits on this unit; pre-existing before 17088",gain=40; amp=23; gal7d=0,Bench root cause on a sample of 10 (cal telemetry); candidates for the calMinBlank / pipe-fit review,391,-113,3627,false
70259260,2b09d0e0-9fa1-11f0-b5af-5dfa9891b485,Carolina Springs MHP-CUST,CSP98-1733-GILMOREST,Calibrating,no,53,"CALIBRATING (>48 h, no loop)","Calibrating for days with cal values changing, no watchdog resets, register flat: v391 surface walk never commits on this unit; pre-existing before 17088",gain=40; amp=63; gal7d=0,Bench root cause on a sample of 10 (cal telemetry); candidates for the calMinBlank / pipe-fit review,391,-108,3633,false
72381369,a5d44c70-a95a-11f0-98a7-c3bc57f9afe3,Crystal Acres MHC,48,Calibrating,no,54,"CALIBRATING (>48 h, no loop)","Calibrating for days with cal values changing, no watchdog resets, register flat: v391 surface walk never commits on this unit; pre-existing before 17088",gain=40; amp=28; gal7d=0,Bench root cause on a sample of 10 (cal telemetry); candidates for the calMinBlank / pipe-fit review,391,-112,3651,false
72378555,751f9740-a939-11f0-98a7-c3bc57f9afe3,Dorr Drive MHP,18,Calibrating,no,53,"CALIBRATING (>48 h, no loop)","Calibrating for days with cal values changing, no watchdog resets, register flat: v391 surface walk never commits on this unit; pre-existing before 17088",gain=40; amp=0; gal7d=0,Bench root cause on a sample of 10 (cal telemetry); candidates for the calMinBlank / pipe-fit review,391,-110,3610,false
77061952,4ff3ba40-3d01-11f0-8e55-b138a1c03c8e,Eastwood Hills MHC-CUST,EH100,Calibrating,no,52,"CALIBRATING (>48 h, no loop)","Calibrating for days with cal values changing, no watchdog resets, register flat: v391 surface walk never commits on this unit; pre-existing before 17088",gain=40; amp=30; gal7d=0,Bench root cause on a sample of 10 (cal telemetry); candidates for the calMinBlank / pipe-fit review,391,-108,3660,false
70271695,4fe4e280-c4cf-11f0-9842-6d029661c338,Eastwood Hills MHC-CUST,EH19,Calibrating,no,53,"CALIBRATING (>48 h, no loop)","Calibrating for days with cal values changing, no watchdog resets, register flat: v391 surface walk never commits on this unit; pre-existing before 17088",gain=40; amp=25; gal7d=0,Bench root cause on a sample of 10 (cal telemetry); candidates for the calMinBlank / pipe-fit review,391,-97,3656,false
72720198,96120210-c88a-11f0-9842-6d029661c338,Eastwood Hills MHC-CUST,TR311,Calibrating,no,52,"CALIBRATING (>48 h, no loop)","Calibrating for days with cal values changing, no watchdog resets, register flat: v391 surface walk never commits on this unit; pre-existing before 17088",gain=40; amp=22; gal7d=0,Bench root cause on a sample of 10 (cal telemetry); candidates for the calMinBlank / pipe-fit review,391,-110,3665,false
75373546,1b4326c0-06bc-11f1-a3d9-c99c67c82bc1,Estancia MHP-CUST,125,Calibrating,no,54,"CALIBRATING (>48 h, no loop)","Calibrating for days with cal values changing, no watchdog resets, register flat: v391 surface walk never commits on this unit; pre-existing before 17088",gain=40; amp=31; gal7d=0,Bench root cause on a sample of 10 (cal telemetry); candidates for the calMinBlank / pipe-fit review,391,-99,3651,false
75373363,3e79b490-06a5-11f1-a3d9-c99c67c82bc1,Estancia MHP-CUST,27,Calibrating,no,54,"CALIBRATING (>48 h, no loop)","Calibrating for days with cal values changing, no watchdog resets, register flat: v391 surface walk never commits on this unit; pre-existing before 17088",gain=40; amp=33; gal7d=0,Bench root cause on a sample of 10 (cal telemetry); candidates for the calMinBlank / pipe-fit review,391,-93,3650,false
75373884,f4a540f0-06a4-11f1-a3d9-c99c67c82bc1,Estancia MHP-CUST,47,Calibrating,no,54,"CALIBRATING (>48 h, no loop)","Calibrating for days with cal values changing, no watchdog resets, register flat: v391 surface walk never commits on this unit; pre-existing before 17088",gain=40; amp=28; gal7d=0,Bench root cause on a sample of 10 (cal telemetry); candidates for the calMinBlank / pipe-fit review,391,-103,3641,false
65822101,a412a6e0-cf6f-11ef-8f43-73c96c0de66f,Forest at Sherman MHC-CUST,50,Calibrating,no,52,"CALIBRATING (>48 h, no loop)","Calibrating for days with cal values changing, no watchdog resets, register flat: v391 surface walk never commits on this unit; pre-existing before 17088",gain=40; amp=23; gal7d=0,Bench root cause on a sample of 10 (cal telemetry); candidates for the calMinBlank / pipe-fit review,391,-112,3652,false
77056358,caccea00-352e-11f0-8e55-b138a1c03c8e,Fowler Apts MF,401-M,Calibrating,no,55,"CALIBRATING (>48 h, no loop)","Calibrating for days with cal values changing, no watchdog resets, register flat: v391 surface walk never commits on this unit; pre-existing before 17088",gain=40; amp=20; gal7d=0,Bench root cause on a sample of 10 (cal telemetry); candidates for the calMinBlank / pipe-fit review,391,-101,3611,false
70269087,994f4cc0-9a69-11f0-b5af-5dfa9891b485,Glenn Dorado,113-213,Calibrating,no,50,"CALIBRATING (>48 h, no loop)","Calibrating for days with cal values changing, no watchdog resets, register flat: v391 surface walk never commits on this unit; pre-existing before 17088",wdResets=5; gain=40; amp=0; gal7d=11,Bench root cause on a sample of 10 (cal telemetry); candidates for the calMinBlank / pipe-fit review,391,-103,3659,false
72386988,b9d41330-ad39-11f0-98a7-c3bc57f9afe3,Green Acres MHC,8,Calibrating,no,52,"CALIBRATING (>48 h, no loop)","Calibrating for days with cal values changing, no watchdog resets, register flat: v391 surface walk never commits on this unit; pre-existing before 17088",gain=40; amp=32; gal7d=0,Bench root cause on a sample of 10 (cal telemetry); candidates for the calMinBlank / pipe-fit review,391,-112,3642,false
75365740,8e0e9800-4cc7-11f1-b1bb-f3574cce671d,Haven MHP,21,Calibrating,no,52,"CALIBRATING (>48 h, no loop)","Calibrating for days with cal values changing, no watchdog resets, register flat: v391 surface walk never commits on this unit; pre-existing before 17088",gain=40; amp=66; gal7d=0,Bench root cause on a sample of 10 (cal telemetry); candidates for the calMinBlank / pipe-fit review,391,-86,3674,false
75371946,b7fb3170-4ccf-11f1-b1bb-f3574cce671d,Haven MHP,4,Calibrating,no,54,"CALIBRATING (>48 h, no loop)","Calibrating for days with cal values changing, no watchdog resets, register flat: v391 surface walk never commits on this unit; pre-existing before 17088",gain=40; amp=25; gal7d=0,Bench root cause on a sample of 10 (cal telemetry); candidates for the calMinBlank / pipe-fit review,391,-109,3660,false
75362895,9fdfa2f0-4816-11f1-969c-6109d9dfb138,Heritage Apartments,D4,Calibrating,no,54,"CALIBRATING (>48 h, no loop)","Calibrating for days with cal values changing, no watchdog resets, register flat: v391 surface walk never commits on this unit; pre-existing before 17088",gain=40; amp=26; gal7d=0,Bench root cause on a sample of 10 (cal telemetry); candidates for the calMinBlank / pipe-fit review,391,-87,3657,false
75372761,c8d00eb0-fe07-11f0-8726-d3fa6d0d96af,Highlands MHC,11A,Calibrating,no,52,"CALIBRATING (>48 h, no loop)","Calibrating for days with cal values changing, no watchdog resets, register flat: v391 surface walk never commits on this unit; pre-existing before 17088",gain=40; amp=26; gal7d=0,Bench root cause on a sample of 10 (cal telemetry); candidates for the calMinBlank / pipe-fit review,391,-95,3641,false
72716543,84d67350-e487-11f0-8900-8bd481ce9a44,Hillview MHC,13,Calibrating,no,52,"CALIBRATING (>48 h, no loop)","Calibrating for days with cal values changing, no watchdog resets, register flat: v391 surface walk never commits on this unit; pre-existing before 17088",gain=40; amp=32; gal7d=0,Bench root cause on a sample of 10 (cal telemetry); candidates for the calMinBlank / pipe-fit review,391,-112,3649,false
72722517,79ce0c70-e487-11f0-8900-8bd481ce9a44,Hillview MHC,24,Calibrating,no,54,"CALIBRATING (>48 h, no loop)","Calibrating for days with cal values changing, no watchdog resets, register flat: v391 surface walk never commits on this unit; pre-existing before 17088",gain=40; amp=25; gal7d=-1,Bench root cause on a sample of 10 (cal telemetry); candidates for the calMinBlank / pipe-fit review,391,-105,3645,false
72719331,16b5b290-01de-11f1-af1d-29d4205d602a,Hillview MHC,25,Calibrating,no,55,"CALIBRATING (>48 h, no loop)","Calibrating for days with cal values changing, no watchdog resets, register flat: v391 surface walk never commits on this unit; pre-existing before 17088",gain=40; amp=28; gal7d=0,Bench root cause on a sample of 10 (cal telemetry); candidates for the calMinBlank / pipe-fit review,391,-91,3642,false
75368496,255c6390-5498-11f1-b1bb-f3574cce671d,Island Club MHC-CUST,110,Calibrating,no,55,"CALIBRATING (>48 h, no loop)","Calibrating for days with cal values changing, no watchdog resets, register flat: v391 surface walk never commits on this unit; pre-existing before 17088",gain=40; amp=23; gal7d=0,Bench root cause on a sample of 10 (cal telemetry); candidates for the calMinBlank / pipe-fit review,391,-110,3670,false
75371904,579a7e70-4b22-11f1-bc16-b52012ce6db2,Kay Bee Mobile Villa MHP,105,Calibrating,no,74,"CALIBRATING (>48 h, no loop)","Calibrating for days with cal values changing, no watchdog resets, register flat: v391 surface walk never commits on this unit; pre-existing before 17088",gain=40; amp=165; gal7d=0,Bench root cause on a sample of 10 (cal telemetry); candidates for the calMinBlank / pipe-fit review,391,-96,3677,false
79460919,0827cac0-6c13-11f1-9333-3b2cfe68422f,Kay Lou-Cust,2624-I,Calibrating,no,52,"CALIBRATING (>48 h, no loop)","Calibrating for days with cal values changing, no watchdog resets, register flat: v391 surface walk never commits on this unit; pre-existing before 17088",gain=40; amp=29; gal7d=0,Bench root cause on a sample of 10 (cal telemetry); candidates for the calMinBlank / pipe-fit review,391,-80,3656,false
75367050,a74ed380-4d66-11f1-b1bb-f3574cce671d,Kingsbrook MHC,778AM,Calibrating,no,55,"CALIBRATING (>48 h, no loop)","Calibrating for days with cal values changing, no watchdog resets, register flat: v391 surface walk never commits on this unit; pre-existing before 17088",gain=40; amp=24; gal7d=0,Bench root cause on a sample of 10 (cal telemetry); candidates for the calMinBlank / pipe-fit review,391,-118,3636,false
79462105,38bde230-3aa1-11f1-b198-172a4a9f25c9,Lake Charles Duplexes,874B,Calibrating,no,53,"CALIBRATING (>48 h, no loop)","Calibrating for days with cal values changing, no watchdog resets, register flat: v391 surface walk never commits on this unit; pre-existing before 17088",gain=40; amp=109; gal7d=0,Bench root cause on a sample of 10 (cal telemetry); candidates for the calMinBlank / pipe-fit review,391,-65,3657,false
75373074,77f745d0-0c35-11f1-8768-5551e7a34f27,Noble Estates MHC-Cust,535,Calibrating,no,54,"CALIBRATING (>48 h, no loop)","Calibrating for days with cal values changing, no watchdog resets, register flat: v391 surface walk never commits on this unit; pre-existing before 17088",gain=40; amp=30; gal7d=0,Bench root cause on a sample of 10 (cal telemetry); candidates for the calMinBlank / pipe-fit review,391,-108,3644,false
77058511,5b8a2ab0-3d8d-11f0-8e55-b138a1c03c8e,Oak Forest Estate MHC,36,Calibrating,no,55,"CALIBRATING (>48 h, no loop)","Calibrating for days with cal values changing, no watchdog resets, register flat: v391 surface walk never commits on this unit; pre-existing before 17088",gain=52; amp=373; gal7d=0,Bench root cause on a sample of 10 (cal telemetry); candidates for the calMinBlank / pipe-fit review,391,-105,3659,false
72383209,1b0d18d0-8379-11f0-8b4a-0d0197d44616,Oaklawn Park HOA - Cust,3405SOC,Calibrating,no,55,"CALIBRATING (>48 h, no loop)","Calibrating for days with cal values changing, no watchdog resets, register flat: v391 surface walk never commits on this unit; pre-existing before 17088",gain=40; amp=24; gal7d=0,Bench root cause on a sample of 10 (cal telemetry); candidates for the calMinBlank / pipe-fit review,391,-86,3650,false
75364313,7daa9410-4d66-11f1-b1bb-f3574cce671d,Oakwood MHP,23-OLD,Calibrating,no,50,"CALIBRATING (>48 h, no loop)","Calibrating for days with cal values changing, no watchdog resets, register flat: v391 surface walk never commits on this unit; pre-existing before 17088",gain=40; amp=26; gal7d=0,Bench root cause on a sample of 10 (cal telemetry); candidates for the calMinBlank / pipe-fit review,391,-110,3661,false
79461826,39c48760-4d66-11f1-b1bb-f3574cce671d,Oakwood MHP,70-REMOVED,Calibrating,no,75,"CALIBRATING (>48 h, no loop)","Calibrating for days with cal values changing, no watchdog resets, register flat: v391 surface walk never commits on this unit; pre-existing before 17088",gain=40; amp=31; gal7d=0,Bench root cause on a sample of 10 (cal telemetry); candidates for the calMinBlank / pipe-fit review,391,-99,3651,false
65827241,7931df10-e313-11ef-a5fd-a97d57576080,Oakwood MHP,91,Calibrating,no,54,"CALIBRATING (>48 h, no loop)","Calibrating for days with cal values changing, no watchdog resets, register flat: v391 surface walk never commits on this unit; pre-existing before 17088",gain=40; amp=32; gal7d=0,Bench root cause on a sample of 10 (cal telemetry); candidates for the calMinBlank / pipe-fit review,391,-100,3637,false
75361848,31a8a830-39d5-11f1-b198-172a4a9f25c9,Ontario Place MHC-CUST,94,Calibrating,no,54,"CALIBRATING (>48 h, no loop)","Calibrating for days with cal values changing, no watchdog resets, register flat: v391 surface walk never commits on this unit; pre-existing before 17088",gain=40; amp=40; gal7d=0,Bench root cause on a sample of 10 (cal telemetry); candidates for the calMinBlank / pipe-fit review,391,-111,3657,false
72391863,da6ddda0-ad44-11f0-98a7-c3bc57f9afe3,Opekiska St Duplex,B,Calibrating,no,55,"CALIBRATING (>48 h, no loop)","Calibrating for days with cal values changing, no watchdog resets, register flat: v391 surface walk never commits on this unit; pre-existing before 17088",gain=40; amp=27; gal7d=0,Bench root cause on a sample of 10 (cal telemetry); candidates for the calMinBlank / pipe-fit review,391,-82,3630,false
79463202,36541df0-65be-11f1-9333-3b2cfe68422f,Oswego MHP,LOT04,Calibrating,no,53,"CALIBRATING (>48 h, no loop)","Calibrating for days with cal values changing, no watchdog resets, register flat: v391 surface walk never commits on this unit; pre-existing before 17088",gain=40; amp=96; gal7d=0,Bench root cause on a sample of 10 (cal telemetry); candidates for the calMinBlank / pipe-fit review,391,-87,3643,false
79465454,8832b720-65bf-11f1-9333-3b2cfe68422f,Oswego MHP,LOT29,Calibrating,no,53,"CALIBRATING (>48 h, no loop)","Calibrating for days with cal values changing, no watchdog resets, register flat: v391 surface walk never commits on this unit; pre-existing before 17088",gain=28; amp=283; gal7d=0,Bench root cause on a sample of 10 (cal telemetry); candidates for the calMinBlank / pipe-fit review,391,-92,3643,false
75362630,3c543980-4b22-11f1-bc16-b52012ce6db2,Pace East,21,Calibrating,no,51,"CALIBRATING (>48 h, no loop)","Calibrating for days with cal values changing, no watchdog resets, register flat: v391 surface walk never commits on this unit; pre-existing before 17088",gain=55; amp=493; gal7d=0,Bench root cause on a sample of 10 (cal telemetry); candidates for the calMinBlank / pipe-fit review,391,-87,3672,false
75360048,bc06c5c0-3a93-11f1-b198-172a4a9f25c9,Paradise Village Cooperative MHC,5,Calibrating,no,53,"CALIBRATING (>48 h, no loop)","Calibrating for days with cal values changing, no watchdog resets, register flat: v391 surface walk never commits on this unit; pre-existing before 17088",gain=40; amp=49; gal7d=0,Bench root cause on a sample of 10 (cal telemetry); candidates for the calMinBlank / pipe-fit review,391,-82,3664,false
79456479,4b2e23c0-5483-11f1-b1bb-f3574cce671d,Parkwood,3103LINDA,Calibrating,no,55,"CALIBRATING (>48 h, no loop)","Calibrating for days with cal values changing, no watchdog resets, register flat: v391 surface walk never commits on this unit; pre-existing before 17088",gain=40; amp=34; gal7d=0,Bench root cause on a sample of 10 (cal telemetry); candidates for the calMinBlank / pipe-fit review,391,-111,3634,false
75362572,97fe2420-5483-11f1-b1bb-f3574cce671d,Parkwood,3392DONNA,Calibrating,no,55,"CALIBRATING (>48 h, no loop)","Calibrating for days with cal values changing, no watchdog resets, register flat: v391 surface walk never commits on this unit; pre-existing before 17088",gain=40; amp=28; gal7d=0,Bench root cause on a sample of 10 (cal telemetry); candidates for the calMinBlank / pipe-fit review,391,-107,3646,false
77055855,811b87e0-3db7-11f0-8e55-b138a1c03c8e,Parkwood,5208JUSTIN,Calibrating,no,53,"CALIBRATING (>48 h, no loop)","Calibrating for days with cal values changing, no watchdog resets, register flat: v391 surface walk never commits on this unit; pre-existing before 17088",gain=40; amp=34; gal7d=0,Bench root cause on a sample of 10 (cal telemetry); candidates for the calMinBlank / pipe-fit review,391,-98,3634,false
70264294,eb7483a0-5223-11f0-acb1-514e01860b07,Piney Park,33,Calibrating,no,53,"CALIBRATING (>48 h, no loop)","Calibrating for days with cal values changing, no watchdog resets, register flat: v391 surface walk never commits on this unit; pre-existing before 17088",gain=40; amp=27; gal7d=0,Bench root cause on a sample of 10 (cal telemetry); candidates for the calMinBlank / pipe-fit review,391,-111,3538,false
72380908,f4c127f0-837f-11f0-8b4a-0d0197d44616,Ponderosa MHC,21,Calibrating,no,54,"CALIBRATING (>48 h, no loop)","Calibrating for days with cal values changing, no watchdog resets, register flat: v391 surface walk never commits on this unit; pre-existing before 17088",gain=40; amp=41; gal7d=0,Bench root cause on a sample of 10 (cal telemetry); candidates for the calMinBlank / pipe-fit review,391,-106,3620,false
72388356,f7b60040-8477-11f0-8b4a-0d0197d44616,Ponderosa MHC,25,Calibrating,no,29,"CALIBRATING (>48 h, no loop)","Calibrating for days with cal values changing, no watchdog resets, register flat: v391 surface walk never commits on this unit; pre-existing before 17088",gain=40; amp=26; gal7d=0,Bench root cause on a sample of 10 (cal telemetry); candidates for the calMinBlank / pipe-fit review,391,-101,3624,false
70269616,5bed5e90-8384-11f0-8b4a-0d0197d44616,Ponderosa MHC,54,Calibrating,no,29,"CALIBRATING (>48 h, no loop)","Calibrating for days with cal values changing, no watchdog resets, register flat: v391 surface walk never commits on this unit; pre-existing before 17088",gain=40; amp=262; gal7d=0,Bench root cause on a sample of 10 (cal telemetry); candidates for the calMinBlank / pipe-fit review,391,-118,3633,false
72384827,7f136e60-842d-11f0-8b4a-0d0197d44616,Ponderosa MHC,57,Calibrating,no,54,"CALIBRATING (>48 h, no loop)","Calibrating for days with cal values changing, no watchdog resets, register flat: v391 surface walk never commits on this unit; pre-existing before 17088",gain=40; amp=27; gal7d=0,Bench root cause on a sample of 10 (cal telemetry); candidates for the calMinBlank / pipe-fit review,391,-119,3625,false
72378183,62f3d240-84a2-11f0-8b4a-0d0197d44616,Ponderosa MHC,61,Calibrating,no,52,"CALIBRATING (>48 h, no loop)","Calibrating for days with cal values changing, no watchdog resets, register flat: v391 surface walk never commits on this unit; pre-existing before 17088",gain=40; amp=23; gal7d=0,Bench root cause on a sample of 10 (cal telemetry); candidates for the calMinBlank / pipe-fit review,391,-110,3636,false
72380361,21f85c70-8420-11f0-8b4a-0d0197d44616,Ponderosa MHC,65,Calibrating,no,53,"CALIBRATING (>48 h, no loop)","Calibrating for days with cal values changing, no watchdog resets, register flat: v391 surface walk never commits on this unit; pre-existing before 17088",gain=40; amp=34; gal7d=0,Bench root cause on a sample of 10 (cal telemetry); candidates for the calMinBlank / pipe-fit review,391,-112,3613,false
77053314,e86bbcb0-3d78-11f0-8e55-b138a1c03c8e,Rainbird,1628HW,Calibrating,no,75,"CALIBRATING (>48 h, no loop)","Calibrating for days with cal values changing, no watchdog resets, register flat: v391 surface walk never commits on this unit; pre-existing before 17088",gain=40; amp=25; gal7d=0,Bench root cause on a sample of 10 (cal telemetry); candidates for the calMinBlank / pipe-fit review,391,-100,3595,false
72718622,47575ee0-c7bd-11f0-9842-6d029661c338,Riverview Apartments MF,35 start 11/1,Calibrating,no,55,"CALIBRATING (>48 h, no loop)","Calibrating for days with cal values changing, no watchdog resets, register flat: v391 surface walk never commits on this unit; pre-existing before 17088",gain=40; amp=22; gal7d=0,Bench root cause on a sample of 10 (cal telemetry); candidates for the calMinBlank / pipe-fit review,391,-78,3399,false
72716345,5d5763c0-c7bd-11f0-9842-6d029661c338,Riverview Apartments MF,38 start 9/1,Calibrating,no,53,"CALIBRATING (>48 h, no loop)","Calibrating for days with cal values changing, no watchdog resets, register flat: v391 surface walk never commits on this unit; pre-existing before 17088",gain=40; amp=29; gal7d=0,Bench root cause on a sample of 10 (cal telemetry); candidates for the calMinBlank / pipe-fit review,391,-70,3640,false
75371425,f40b8c40-0b76-11f1-a3d9-c99c67c82bc1,Roosevelt MHC,107,Calibrating,no,50,"CALIBRATING (>48 h, no loop)","Calibrating for days with cal values changing, no watchdog resets, register flat: v391 surface walk never commits on this unit; pre-existing before 17088",gain=40; amp=30; gal7d=0,Bench root cause on a sample of 10 (cal telemetry); candidates for the calMinBlank / pipe-fit review,391,-102,3686,false
75367696,9d6fb4c0-0b57-11f1-a3d9-c99c67c82bc1,Roosevelt MHC,43,Calibrating,no,50,"CALIBRATING (>48 h, no loop)","Calibrating for days with cal values changing, no watchdog resets, register flat: v391 surface walk never commits on this unit; pre-existing before 17088",gain=40; amp=23; gal7d=0,Bench root cause on a sample of 10 (cal telemetry); candidates for the calMinBlank / pipe-fit review,391,-111,3668,false
75372233,ab55c6a0-0c48-11f1-8768-5551e7a34f27,Roosevelt MHC,82,Calibrating,no,50,"CALIBRATING (>48 h, no loop)","Calibrating for days with cal values changing, no watchdog resets, register flat: v391 surface walk never commits on this unit; pre-existing before 17088",gain=40; amp=84; gal7d=0,Bench root cause on a sample of 10 (cal telemetry); candidates for the calMinBlank / pipe-fit review,391,-107,3636,false
75368066,0950cba0-f318-11f0-8900-8bd481ce9a44,Running Springs MHP,1,Calibrating,no,55,"CALIBRATING (>48 h, no loop)","Calibrating for days with cal values changing, no watchdog resets, register flat: v391 surface walk never commits on this unit; pre-existing before 17088",gain=40; amp=28; gal7d=0,Bench root cause on a sample of 10 (cal telemetry); candidates for the calMinBlank / pipe-fit review,391,-102,3645,false
79456701,e64ed090-8b77-11f1-a1a6-391af391818e,Rustic Acres MHC-CUST,,Calibrating,no,55,"CALIBRATING (>48 h, no loop)","Calibrating for days with cal values changing, no watchdog resets, register flat: v391 surface walk never commits on this unit; pre-existing before 17088",gain=40; amp=26; gal7d=0,Bench root cause on a sample of 10 (cal telemetry); candidates for the calMinBlank / pipe-fit review,391,-87,3668,false
79453351,ab297610-a25f-11f1-a1a6-391af391818e,Rustic Acres MHC-CUST,20,Calibrating,no,78,"CALIBRATING (>48 h, no loop)","Calibrating for days with cal values changing, no watchdog resets, register flat: v391 surface walk never commits on this unit; pre-existing before 17088",gain=40; amp=39; gal7d=0,Bench root cause on a sample of 10 (cal telemetry); candidates for the calMinBlank / pipe-fit review,391,-97,3658,false
79459002,e53bb930-a23c-11f1-a1a6-391af391818e,Rustic Acres MHC-CUST,25,Calibrating,no,78,"CALIBRATING (>48 h, no loop)","Calibrating for days with cal values changing, no watchdog resets, register flat: v391 surface walk never commits on this unit; pre-existing before 17088",gain=40; amp=32; gal7d=0,Bench root cause on a sample of 10 (cal telemetry); candidates for the calMinBlank / pipe-fit review,391,-92,3663,false
70269798,e121b210-52dc-11f0-acb1-514e01860b07,Shady Lane MHP-Cust,40 Maple Lane APT #3,Calibrating,no,55,"CALIBRATING (>48 h, no loop)","Calibrating for days with cal values changing, no watchdog resets, register flat: v391 surface walk never commits on this unit; pre-existing before 17088",gain=40; amp=151; gal7d=0,Bench root cause on a sample of 10 (cal telemetry); candidates for the calMinBlank / pipe-fit review,391,-101,3637,false
72392887,9b2d7f90-82e4-11f0-8b4a-0d0197d44616,Stafford MHC-CUST,303,Calibrating,no,52,"CALIBRATING (>48 h, no loop)","Calibrating for days with cal values changing, no watchdog resets, register flat: v391 surface walk never commits on this unit; pre-existing before 17088",gain=40; amp=72; gal7d=0,Bench root cause on a sample of 10 (cal telemetry); candidates for the calMinBlank / pipe-fit review,391,-106,3636,false
72387788,9a4bc020-ad2b-11f0-98a7-c3bc57f9afe3,Sunnyvale MHP,117,Calibrating,no,52,"CALIBRATING (>48 h, no loop)","Calibrating for days with cal values changing, no watchdog resets, register flat: v391 surface walk never commits on this unit; pre-existing before 17088",gain=40; amp=22; gal7d=0,Bench root cause on a sample of 10 (cal telemetry); candidates for the calMinBlank / pipe-fit review,391,-99,3645,false
70261480,92fd6b50-666f-11f0-8658-7f4e94e41769,Sunview MHP,15,Calibrating,no,53,"CALIBRATING (>48 h, no loop)","Calibrating for days with cal values changing, no watchdog resets, register flat: v391 surface walk never commits on this unit; pre-existing before 17088",gain=40; amp=27; gal7d=0,Bench root cause on a sample of 10 (cal telemetry); candidates for the calMinBlank / pipe-fit review,391,-97,3590,false
77061481,52ac2380-3d01-11f0-8e55-b138a1c03c8e,Trans Canada,B18TC,Calibrating,no,52,"CALIBRATING (>48 h, no loop)","Calibrating for days with cal values changing, no watchdog resets, register flat: v391 surface walk never commits on this unit; pre-existing before 17088",gain=28; amp=281; gal7d=0,Bench root cause on a sample of 10 (cal telemetry); candidates for the calMinBlank / pipe-fit review,391,-98,3613,false
77054759,fc759810-3d92-11f0-8e55-b138a1c03c8e,Trans Canada,D1TC,Calibrating,no,53,"CALIBRATING (>48 h, no loop)","Calibrating for days with cal values changing, no watchdog resets, register flat: v391 surface walk never commits on this unit; pre-existing before 17088",gain=40; amp=27; gal7d=0,Bench root cause on a sample of 10 (cal telemetry); candidates for the calMinBlank / pipe-fit review,391,-106,3624,false
72393042,7d05ba00-98e7-11f0-b5af-5dfa9891b485,Virginia Beach HOA - Cust,1,Calibrating,no,78,"CALIBRATING (>48 h, no loop)","Calibrating for days with cal values changing, no watchdog resets, register flat: v391 surface walk never commits on this unit; pre-existing before 17088",gain=40; amp=26; gal7d=0,Bench root cause on a sample of 10 (cal telemetry); candidates for the calMinBlank / pipe-fit review,391,-108,3641,false
72385675,af775530-9a2b-11f0-b5af-5dfa9891b485,Virginia Beach HOA - Cust,163,Calibrating,no,54,"CALIBRATING (>48 h, no loop)","Calibrating for days with cal values changing, no watchdog resets, register flat: v391 surface walk never commits on this unit; pre-existing before 17088",gain=40; amp=24; gal7d=0,Bench root cause on a sample of 10 (cal telemetry); candidates for the calMinBlank / pipe-fit review,391,-105,3653,false
72392994,45c60790-98f9-11f0-b5af-5dfa9891b485,Virginia Beach HOA - Cust,178,Calibrating,no,54,"CALIBRATING (>48 h, no loop)","Calibrating for days with cal values changing, no watchdog resets, register flat: v391 surface walk never commits on this unit; pre-existing before 17088",gain=40; amp=28; gal7d=0,Bench root cause on a sample of 10 (cal telemetry); candidates for the calMinBlank / pipe-fit review,391,-108,3637,false
72389578,2a9b8800-98f9-11f0-b5af-5dfa9891b485,Virginia Beach HOA - Cust,219,Calibrating,no,54,"CALIBRATING (>48 h, no loop)","Calibrating for days with cal values changing, no watchdog resets, register flat: v391 surface walk never commits on this unit; pre-existing before 17088",gain=40; amp=31; gal7d=0,Bench root cause on a sample of 10 (cal telemetry); candidates for the calMinBlank / pipe-fit review,391,-110,3632,false
75363166,2e0bf770-4d73-11f1-b1bb-f3574cce671d,Virginia Beach HOA - Cust,236,Calibrating,no,53,"CALIBRATING (>48 h, no loop)","Calibrating for days with cal values changing, no watchdog resets, register flat: v391 surface walk never commits on this unit; pre-existing before 17088",gain=40; amp=26; gal7d=0,Bench root cause on a sample of 10 (cal telemetry); candidates for the calMinBlank / pipe-fit review,391,-103,3666,false
72386046,4ff02900-8498-11f0-8b4a-0d0197d44616,Virginia Beach HOA - Cust,45,Calibrating,no,55,"CALIBRATING (>48 h, no loop)","Calibrating for days with cal values changing, no watchdog resets, register flat: v391 surface walk never commits on this unit; pre-existing before 17088",gain=40; amp=111; gal7d=-1,Bench root cause on a sample of 10 (cal telemetry); candidates for the calMinBlank / pipe-fit review,391,-106,3626,false
72391004,db204080-9976-11f0-b5af-5dfa9891b485,Virginia Beach HOA - Cust,76,Calibrating,no,53,"CALIBRATING (>48 h, no loop)","Calibrating for days with cal values changing, no watchdog resets, register flat: v391 surface walk never commits on this unit; pre-existing before 17088",gain=40; amp=26; gal7d=0,Bench root cause on a sample of 10 (cal telemetry); candidates for the calMinBlank / pipe-fit review,391,-105,3631,false
72382813,080af040-98e6-11f0-b5af-5dfa9891b485,Virginia Beach HOA - Cust,8,Calibrating,no,77,"CALIBRATING (>48 h, no loop)","Calibrating for days with cal values changing, no watchdog resets, register flat: v391 surface walk never commits on this unit; pre-existing before 17088",gain=40; amp=26; gal7d=-1,Bench root cause on a sample of 10 (cal telemetry); candidates for the calMinBlank / pipe-fit review,391,-110,3642,false
72385766,69ee6270-9e53-11f0-b5af-5dfa9891b485,Whispering Pines Mobile Estates-CUST,300,Calibrating,no,54,"CALIBRATING (>48 h, no loop)","Calibrating for days with cal values changing, no watchdog resets, register flat: v391 surface walk never commits on this unit; pre-existing before 17088",gain=40; amp=32; gal7d=-1,Bench root cause on a sample of 10 (cal telemetry); candidates for the calMinBlank / pipe-fit review,391,-104,3635,false
70263502,c03bdc70-9fde-11f0-b5af-5dfa9891b485,Whispering Pines Mobile Estates-CUST,306,Calibrating,no,55,"CALIBRATING (>48 h, no loop)","Calibrating for days with cal values changing, no watchdog resets, register flat: v391 surface walk never commits on this unit; pre-existing before 17088",gain=40; amp=24; gal7d=-1,Bench root cause on a sample of 10 (cal telemetry); candidates for the calMinBlank / pipe-fit review,391,-90,3642,false
75374932,e2988c70-6c14-11f1-9333-3b2cfe68422f,(no group),2-DOUBLETREE-CT,Failed Cal,no,53,NO-SIGNAL,"Failed Cal at max gain 55 with amplitude ~100 = no acoustic echo: dry pipe, meter off pipe, or dead transducer",gain=55; amp=100; gal7d=0,Field visit / go-back; verify install and pipe state; not a firmware item,391,-99,3647,true
75374452,49cd7130-4d02-11f1-b1bb-f3574cce671d,(no group),3-SHENNADOH-DR,Failed Cal,no,53,NO-SIGNAL,"Failed Cal at max gain 55 with amplitude ~100 = no acoustic echo: dry pipe, meter off pipe, or dead transducer",gain=55; amp=118; gal7d=0,Field visit / go-back; verify install and pipe state; not a firmware item,391,-100,3660,true
75372803,ff5de680-4d37-11f1-b1bb-f3574cce671d,(no group),48-IMPERIALVALLEY-DR,Failed Cal,no,52,NO-SIGNAL,"Failed Cal at max gain 55 with amplitude ~100 = no acoustic echo: dry pipe, meter off pipe, or dead transducer",gain=55; amp=99; gal7d=0,Field visit / go-back; verify install and pipe state; not a firmware item,391,-109,3654,true
75366805,1005b980-4d02-11f1-b1bb-f3574cce671d,(no group),7-SHENNADOH-DR,Failed Cal,no,55,NO-SIGNAL,"Failed Cal at max gain 55 with amplitude ~100 = no acoustic echo: dry pipe, meter off pipe, or dead transducer",gain=55; amp=73; gal7d=0,Field visit / go-back; verify install and pipe state; not a firmware item,391,-94,3652,true
79461677,d4bad250-4d03-11f1-b1bb-f3574cce671d,(no group),9-SHENNADOH-DR,Failed Cal,no,52,NO-SIGNAL,"Failed Cal at max gain 55 with amplitude ~100 = no acoustic echo: dry pipe, meter off pipe, or dead transducer",gain=55; amp=98; gal7d=0,Field visit / go-back; verify install and pipe state; not a firmware item,391,-93,3660,true
77054429,57792140-26ce-11f0-8272-45e3ef110760,Arizona Manor,3,Failed Cal,no,50,NO-SIGNAL,"Failed Cal at max gain 55 with amplitude ~100 = no acoustic echo: dry pipe, meter off pipe, or dead transducer",gain=55; amp=96; gal7d=0,Field visit / go-back; verify install and pipe state; not a firmware item,391,-83,3625,false
79456420,ab1c7fa0-a642-11f1-a1a6-391af391818e,Aurora MHC,,Failed Cal,no,80,NO-SIGNAL,"Failed Cal at max gain 55 with amplitude ~100 = no acoustic echo: dry pipe, meter off pipe, or dead transducer",gain=55; amp=95; gal7d=0,Field visit / go-back; verify install and pipe state; not a firmware item,391,-116,3663,
70266596,90af2940-5c21-11f0-9fcd-87e94e720126,Aurora MHC,117B,Failed Cal,no,76,NO-SIGNAL,"Failed Cal at max gain 55 with amplitude ~100 = no acoustic echo: dry pipe, meter off pipe, or dead transducer",gain=55; amp=92; gal7d=0,Field visit / go-back; verify install and pipe state; not a firmware item,391,-90,3599,
70261761,6f0acba0-5c21-11f0-9fcd-87e94e720126,Aurora MHC,159-OLD,Failed Cal,no,54,NO-SIGNAL,"Failed Cal at max gain 55 with amplitude ~100 = no acoustic echo: dry pipe, meter off pipe, or dead transducer",gain=55; amp=116; gal7d=0,Field visit / go-back; verify install and pipe state; not a firmware item,391,-112,3525,false
79467336,d3abfb50-8ac5-11f1-a1a6-391af391818e,Aurora MHC,265,Failed Cal,no,27,NO-SIGNAL,"Failed Cal at max gain 55 with amplitude ~100 = no acoustic echo: dry pipe, meter off pipe, or dead transducer",gain=55; amp=107; gal7d=0,Field visit / go-back; verify install and pipe state; not a firmware item,391,-85,3663,false
75367704,a81c1e20-5483-11f1-b1bb-f3574cce671d,Broadway MHP DesMoines,4,Failed Cal,no,52,NO-SIGNAL,"Failed Cal at max gain 55 with amplitude ~100 = no acoustic echo: dry pipe, meter off pipe, or dead transducer",gain=55; amp=149; gal7d=0,Field visit / go-back; verify install and pipe state; not a firmware item,391,-116,3629,false
70262025,65d805a0-a971-11f0-98a7-c3bc57f9afe3,Broadway MHP DesMoines,9,Failed Cal,no,31,NO-SIGNAL,"Failed Cal at max gain 55 with amplitude ~100 = no acoustic echo: dry pipe, meter off pipe, or dead transducer",gain=55; amp=100; gal7d=0,Field visit / go-back; verify install and pipe state; not a firmware item,391,-126,3634,false
72388042,4ca317e0-9fd6-11f0-b5af-5dfa9891b485,Carolina Springs MHP,1795-GIBSONST-DUPLICATE-OLD,Failed Cal,no,52,NO-SIGNAL,"Failed Cal at max gain 55 with amplitude ~100 = no acoustic echo: dry pipe, meter off pipe, or dead transducer",gain=55; amp=128; gal7d=0,Field visit / go-back; verify install and pipe state; not a firmware item,391,-111,3645,false
72392192,5746c980-9fd6-11f0-b5af-5dfa9891b485,Carolina Springs MHP-CUST,CSP120-394-RIVERBASINCT,Failed Cal,no,54,NO-SIGNAL,"Failed Cal at max gain 55 with amplitude ~100 = no acoustic echo: dry pipe, meter off pipe, or dead transducer",gain=55; amp=85; gal7d=-1,Field visit / go-back; verify install and pipe state; not a firmware item,391,-116,3620,false
75371920,f695ab00-01dd-11f1-af1d-29d4205d602a,Coleman Village MHC-CUST,182,Failed Cal,no,53,NO-SIGNAL,"Failed Cal at max gain 55 with amplitude ~100 = no acoustic echo: dry pipe, meter off pipe, or dead transducer",gain=55; amp=129; gal7d=0,Field visit / go-back; verify install and pipe state; not a firmware item,391,-83,3643,true
70271810,f4a30410-cf9b-11f0-9bfa-a7eff651ff22,Kay Bee Mobile Villa MHP,90,Failed Cal,no,50,NO-SIGNAL,"Failed Cal at max gain 55 with amplitude ~100 = no acoustic echo: dry pipe, meter off pipe, or dead transducer",wdResets=49; gain=55; amp=130; gal7d=1,Field visit / go-back; verify install and pipe state; not a firmware item,391,-100,3695,false
70264963,98e8be20-62c3-11f0-8658-7f4e94e41769,Minot Gardens MHC-Cust,,Failed Cal,no,50,NO-SIGNAL,"Failed Cal at max gain 55 with amplitude ~100 = no acoustic echo: dry pipe, meter off pipe, or dead transducer",gain=55; amp=91; gal7d=0,Field visit / go-back; verify install and pipe state; not a firmware item,391,-121,3615,false
72716675,9ed187c0-d79b-11f0-b691-d965a62fa4fa,Needham MHP,16,Failed Cal,no,53,NO-SIGNAL,"Failed Cal at max gain 55 with amplitude ~100 = no acoustic echo: dry pipe, meter off pipe, or dead transducer",gain=55; amp=108; gal7d=0,Field visit / go-back; verify install and pipe state; not a firmware item,391,-106,3643,false
72720305,43c31f50-0c3f-11f1-8768-5551e7a34f27,Noble Estates MHC-Cust,,Failed Cal,no,54,NO-SIGNAL,"Failed Cal at max gain 55 with amplitude ~100 = no acoustic echo: dry pipe, meter off pipe, or dead transducer",gain=55; amp=101; gal7d=0,Field visit / go-back; verify install and pipe state; not a firmware item,391,-108,3648,false
75362648,5d894300-0c36-11f1-8768-5551e7a34f27,Noble Estates MHC-Cust,566,Failed Cal,no,53,NO-SIGNAL,"Failed Cal at max gain 55 with amplitude ~100 = no acoustic echo: dry pipe, meter off pipe, or dead transducer",gain=55; amp=126; gal7d=0,Field visit / go-back; verify install and pipe state; not a firmware item,391,-124,3645,false
75368991,5e41ee40-4d69-11f1-b1bb-f3574cce671d,Oakwood MHP,107-REMOVED,Failed Cal,no,74,NO-SIGNAL,"Failed Cal at max gain 55 with amplitude ~100 = no acoustic echo: dry pipe, meter off pipe, or dead transducer",gain=55; amp=120; gal7d=0,Field visit / go-back; verify install and pipe state; not a firmware item,391,-98,3657,false
75367316,5cc0d710-4d6a-11f1-b1bb-f3574cce671d,Oakwood MHP,118-OLD,Failed Cal,no,5,NO-SIGNAL,"Failed Cal at max gain 55 with amplitude ~100 = no acoustic echo: dry pipe, meter off pipe, or dead transducer",gain=55; amp=93; gal7d=0,Field visit / go-back; verify install and pipe state; not a firmware item,391,-97,3636,false
77058446,6abfb370-4151-11f0-8e55-b138a1c03c8e,Parkview MHP-Cust,45,Failed Cal,no,53,NO-SIGNAL,"Failed Cal at max gain 55 with amplitude ~100 = no acoustic echo: dry pipe, meter off pipe, or dead transducer",gain=55; amp=121; gal7d=0,Field visit / go-back; verify install and pipe state; not a firmware item,391,-91,3637,false
72385303,d17143e0-8495-11f0-8b4a-0d0197d44616,Parkview MHP-Cust,66,Failed Cal,no,52,NO-SIGNAL,"Failed Cal at max gain 55 with amplitude ~100 = no acoustic echo: dry pipe, meter off pipe, or dead transducer",gain=55; amp=126; gal7d=0,Field visit / go-back; verify install and pipe state; not a firmware item,391,-88,3625,false
75365104,d8f21ab0-59f9-11f1-b1bb-f3574cce671d,Parkwood,3368DONNA,Failed Cal,no,53,NO-SIGNAL,"Failed Cal at max gain 55 with amplitude ~100 = no acoustic echo: dry pipe, meter off pipe, or dead transducer",gain=55; amp=106; gal7d=0,Field visit / go-back; verify install and pipe state; not a firmware item,391,-101,3638,false
68612595,f36d0630-cf70-11ef-8f43-73c96c0de66f,Parkwood,5200JUSTIN-OLD,Failed Cal,no,54,NO-SIGNAL,"Failed Cal at max gain 55 with amplitude ~100 = no acoustic echo: dry pipe, meter off pipe, or dead transducer",gain=55; amp=112; gal7d=0,Field visit / go-back; verify install and pipe state; not a firmware item,391,-110,3628,false
72378605,fc704210-8479-11f0-8b4a-0d0197d44616,Ponderosa MHC,45,Failed Cal,no,62,NO-SIGNAL,"Failed Cal at max gain 55 with amplitude ~100 = no acoustic echo: dry pipe, meter off pipe, or dead transducer",gain=55; amp=107; gal7d=0,Field visit / go-back; verify install and pipe state; not a firmware item,391,-121,3509,false
65822309,c7745920-40b3-11f0-8e55-b138a1c03c8e,Rainbird,1626HW,Failed Cal,no,50,NO-SIGNAL,"Failed Cal at max gain 55 with amplitude ~100 = no acoustic echo: dry pipe, meter off pipe, or dead transducer",gain=55; amp=85; gal7d=0,Field visit / go-back; verify install and pipe state; not a firmware item,391,-104,3619,false
75362978,698bc6b0-0c49-11f1-8768-5551e7a34f27,Roosevelt MHC,140,Failed Cal,no,75,NO-SIGNAL,"Failed Cal at max gain 55 with amplitude ~100 = no acoustic echo: dry pipe, meter off pipe, or dead transducer",gain=55; amp=119; gal7d=0,Field visit / go-back; verify install and pipe state; not a firmware item,391,-100,3680,false
79463103,40f0cd50-89f2-11f1-a1a6-391af391818e,Rustic Acres MHC-CUST,55,Failed Cal,no,80,NO-SIGNAL,"Failed Cal at max gain 55 with amplitude ~100 = no acoustic echo: dry pipe, meter off pipe, or dead transducer",gain=55; amp=112; gal7d=0,Field visit / go-back; verify install and pipe state; not a firmware item,391,-112,3664,false
77055780,c851e1a0-26b9-11f0-8272-45e3ef110760,Singing Pines,2,Failed Cal,no,49,NO-SIGNAL,"Failed Cal at max gain 55 with amplitude ~100 = no acoustic echo: dry pipe, meter off pipe, or dead transducer",gain=55; amp=73; gal7d=0,Field visit / go-back; verify install and pipe state; not a firmware item,391,-129,3618,false
79455448,85b75ed0-a0c3-11f1-a1a6-391af391818e,Skyrise Villas,1104,Failed Cal,no,53,NO-SIGNAL,"Failed Cal at max gain 55 with amplitude ~100 = no acoustic echo: dry pipe, meter off pipe, or dead transducer",gain=55; amp=102; gal7d=0,Field visit / go-back; verify install and pipe state; not a firmware item,391,-102,3657,false
79463962,d1b3e290-a0c3-11f1-a1a6-391af391818e,Skyrise Villas,1105,Failed Cal,no,52,NO-SIGNAL,"Failed Cal at max gain 55 with amplitude ~100 = no acoustic echo: dry pipe, meter off pipe, or dead transducer",gain=55; amp=100; gal7d=0,Field visit / go-back; verify install and pipe state; not a firmware item,344,-98,3644,false
72385931,502a9670-8386-11f0-8b4a-0d0197d44616,Stafford MHC-CUST,267,Failed Cal,no,52,NO-SIGNAL,"Failed Cal at max gain 55 with amplitude ~100 = no acoustic echo: dry pipe, meter off pipe, or dead transducer",gain=55; amp=97; gal7d=0,Field visit / go-back; verify install and pipe state; not a firmware item,391,-125,3633,false
65825575,2a8c9e90-0285-11f0-92a4-09772dfb61f8,TN4,4,Failed Cal,no,53,NO-SIGNAL,"Failed Cal at max gain 55 with amplitude ~100 = no acoustic echo: dry pipe, meter off pipe, or dead transducer",gain=55; amp=113; gal7d=0,Field visit / go-back; verify install and pipe state; not a firmware item,391,-95,3643,false
72379926,5e886780-994b-11f0-b5af-5dfa9891b485,Virginia Beach HOA - Cust,105,Failed Cal,no,54,NO-SIGNAL,"Failed Cal at max gain 55 with amplitude ~100 = no acoustic echo: dry pipe, meter off pipe, or dead transducer",gain=55; amp=85; gal7d=0,Field visit / go-back; verify install and pipe state; not a firmware item,391,-91,3612,false
72382359,6f9f8540-98a0-11f0-b5af-5dfa9891b485,Virginia Beach HOA - Cust,140,Failed Cal,no,55,NO-SIGNAL,"Failed Cal at max gain 55 with amplitude ~100 = no acoustic echo: dry pipe, meter off pipe, or dead transducer",gain=55; amp=121; gal7d=0,Field visit / go-back; verify install and pipe state; not a firmware item,391,-102,3523,true
72379744,9047c510-989f-11f0-b5af-5dfa9891b485,Virginia Beach HOA - Cust,203,Failed Cal,no,53,NO-SIGNAL,"Failed Cal at max gain 55 with amplitude ~100 = no acoustic echo: dry pipe, meter off pipe, or dead transducer",gain=55; amp=109; gal7d=0,Field visit / go-back; verify install and pipe state; not a firmware item,391,-112,3637,false
72383100,fec679e0-8383-11f0-8b4a-0d0197d44616,Virginia Beach HOA - Cust,220,Failed Cal,no,55,NO-SIGNAL,"Failed Cal at max gain 55 with amplitude ~100 = no acoustic echo: dry pipe, meter off pipe, or dead transducer",gain=55; amp=115; gal7d=0,Field visit / go-back; verify install and pipe state; not a firmware item,391,-110,3631,false
72378423,43fac030-9977-11f0-b5af-5dfa9891b485,Virginia Beach HOA - Cust,244,Failed Cal,no,53,NO-SIGNAL,"Failed Cal at max gain 55 with amplitude ~100 = no acoustic echo: dry pipe, meter off pipe, or dead transducer",gain=55; amp=93; gal7d=0,Field visit / go-back; verify install and pipe state; not a firmware item,391,-102,3608,false
72383571,a787a000-9a2b-11f0-b5af-5dfa9891b485,Virginia Beach HOA - Cust,41,Failed Cal,no,53,NO-SIGNAL,"Failed Cal at max gain 55 with amplitude ~100 = no acoustic echo: dry pipe, meter off pipe, or dead transducer",gain=55; amp=118; gal7d=0,Field visit / go-back; verify install and pipe state; not a firmware item,391,-104,3635,false
75363497,e1a4bf70-06af-11f1-a3d9-c99c67c82bc1,Wildwood Estates MHC-CUST,29,Failed Cal,no,53,NO-SIGNAL,"Failed Cal at max gain 55 with amplitude ~100 = no acoustic echo: dry pipe, meter off pipe, or dead transducer",gain=55; amp=97; gal7d=0,Field visit / go-back; verify install and pipe state; not a firmware item,391,-108,3654,false
75373421,b2814230-6c13-11f1-9333-3b2cfe68422f,(no group),1-DOUBLETREE-CT,Calibrating,no,53,NO-WATER (attr set),Lot flagged No Water; nothing to meter,gain=40; amp=98; gal7d=0,None - exclude from yield,391,-98,3645,true
75360113,4c178840-4d02-11f1-b1bb-f3574cce671d,(no group),10-SHENNADOH-DR,Calibrating,no,55,NO-WATER (attr set),Lot flagged No Water; nothing to meter,gain=40; amp=35; gal7d=0,None - exclude from yield,391,-93,3657,true
75365757,0f5b96d0-4d02-11f1-b1bb-f3574cce671d,(no group),13-SHENNADOH-DR,Calibrating,no,52,NO-WATER (attr set),Lot flagged No Water; nothing to meter,gain=40; amp=38; gal7d=0,None - exclude from yield,391,-96,3658,true
75366607,3da2d170-4d02-11f1-b1bb-f3574cce671d,(no group),15-SHENNADOH-DR,Calibrating,no,52,NO-WATER (attr set),Lot flagged No Water; nothing to meter,gain=40; amp=21; gal7d=0,None - exclude from yield,391,-96,3660,true
75372563,542f3660-4b16-11f1-bc16-b52012ce6db2,(no group),17-SONOMAVALLEY-DR,Calibrating,no,54,NO-WATER (attr set),Lot flagged No Water; nothing to meter,gain=40; amp=28; gal7d=0,None - exclude from yield,391,-97,3662,true
79460844,8d6f3700-4d04-11f1-b1bb-f3574cce671d,(no group),18-SHENNADOH-DR,Calibrating,no,55,NO-WATER (attr set),Lot flagged No Water; nothing to meter,gain=40; amp=28; gal7d=0,None - exclude from yield,391,-98,3654,true
75367852,5e5b4ed0-4d0a-11f1-b1bb-f3574cce671d,(no group),19-SHENNADOH-DR,Calibrating,no,52,NO-WATER (attr set),Lot flagged No Water; nothing to meter,gain=40; amp=32; gal7d=0,None - exclude from yield,391,-95,3657,true
75368298,0a8b9e90-4d0a-11f1-b1bb-f3574cce671d,(no group),20-SHENNADOH-DR,Calibrating,no,52,NO-WATER (attr set),Lot flagged No Water; nothing to meter,gain=40; amp=28; gal7d=0,None - exclude from yield,391,-95,3650,true
75364495,4879a240-6c15-11f1-9333-3b2cfe68422f,(no group),23-DOUBLETREE-CT,Calibrating,no,54,NO-WATER (attr set),Lot flagged No Water; nothing to meter,gain=40; amp=33; gal7d=0,None - exclude from yield,391,-89,3649,true
75366441,6c2fb3c0-6c13-11f1-9333-3b2cfe68422f,(no group),26-DOUBLETREE-CT,Calibrating,no,52,NO-WATER (attr set),Lot flagged No Water; nothing to meter,gain=40; amp=29; gal7d=0,None - exclude from yield,391,-95,3657,true
79465769,188b2530-4ce5-11f1-b1bb-f3574cce671d,(no group),3-DOUBLETREE-DR,Calibrating,no,51,NO-WATER (attr set),Lot flagged No Water; nothing to meter,gain=40; amp=26; gal7d=0,None - exclude from yield,391,-101,3657,true
75369189,4d18f8e0-4ce5-11f1-b1bb-f3574cce671d,(no group),30-STONE,Failed Cal,no,52,NO-WATER (attr set),Lot flagged No Water; nothing to meter,gain=55; amp=281; gal7d=0,None - exclude from yield,391,-96,3666,true
79466619,3ee897e0-4d02-11f1-b1bb-f3574cce671d,(no group),5-SHENNADOH-DR,Calibrating,no,51,NO-WATER (attr set),Lot flagged No Water; nothing to meter,gain=40; amp=31; gal7d=0,None - exclude from yield,391,-95,3658,true
75365286,ee405470-4d03-11f1-b1bb-f3574cce671d,(no group),8-SHENNADOH-DR,Calibrating,no,55,NO-WATER (attr set),Lot flagged No Water; nothing to meter,gain=40; amp=29; gal7d=0,None - exclude from yield,391,-100,3660,true
72380411,d08e2f60-ad30-11f0-98a7-c3bc57f9afe3,Brighton Court MHP,11,Calibrating,no,55,NO-WATER (attr set),Lot flagged No Water; nothing to meter,gain=40; amp=42; gal7d=0,None - exclude from yield,391,-89,3635,true
70261902,0a504720-6677-11f0-8658-7f4e94e41769,Coleman Village MHC-CUST,179,Calibrating,no,55,NO-WATER (attr set),Lot flagged No Water; nothing to meter,gain=40; amp=32; gal7d=0,None - exclude from yield,391,-90,3625,true
72379959,d0a57d00-995d-11f0-b5af-5dfa9891b485,Virginia Beach HOA - Cust,107,Calibrating,no,53,NO-WATER (attr set),Lot flagged No Water; nothing to meter,gain=40; amp=25; gal7d=0,None - exclude from yield,391,-106,3598,true
72388539,c70863f0-9973-11f0-b5af-5dfa9891b485,Virginia Beach HOA - Cust,116,Calibrating,no,53,NO-WATER (attr set),Lot flagged No Water; nothing to meter,gain=40; amp=20; gal7d=0,None - exclude from yield,391,-115,3631,true
72384587,f9267260-98be-11f0-b5af-5dfa9891b485,Virginia Beach HOA - Cust,168,Calibrating,no,53,NO-WATER (attr set),Lot flagged No Water; nothing to meter,gain=40; amp=27; gal7d=0,None - exclude from yield,391,-98,3632,true
72390816,f7b88660-8479-11f0-8b4a-0d0197d44616,Virginia Beach HOA - Cust,239,Calibrating,no,53,NO-WATER (attr set),Lot flagged No Water; nothing to meter,gain=40; amp=28; gal7d=0,None - exclude from yield,391,-106,3639,true
