serial,apt,landed,days_on,dir_pre,dir_post,dir_post_all,offset_pre,offset_post,offset_post_min,offset_post_max,recs_pre,recs_post,tofNorm_med_pre,tofNorm_med_post,noise_pre_ps,noise_post_ps,waterFlowDir_attr,from_pair,ti_crossed,galday_pre_med,galday_pre_range,galday_post
65831011,38,09/15 08:58,0.9,FLIPPED,FLIPPED,FLIPPED,806.5,743.0,694.0,743.0,10000,4867,-7084.0,-7593.0,200.2,207.6,2,17078/391,no,,,
68593019,32,09/14 08:44,2.0,UNKNOWN,FLIPPED,FLIPPED,1664.0,1789.0,1789.0,1838.0,10000,10000,402.5,-1029.5,1357.6,1132.2,2,16022/260,yes,,,
79460877,89,09/14 07:37,2.0,UNKNOWN,UNKNOWN,FLIPPED/UNKNOWN,4852.0,4233.0,3971.0,4992.0,10000,10000,-1090.0,-1976.0,1354.5,440.3,2,17037/344,yes,279.0,147-698,09/15:439
65831581,4,09/15 09:23,0.9,NOT FLIPPED,NOT FLIPPED,NOT FLIPPED,-5749.0,-6190.0,-6190.0,-6190.0,5257,20,25.0,-228.5,416.2,387.9,1,17060/368,yes,,,
75364560,80,09/14 06:50,2.0,UNKNOWN,UNKNOWN,FLIPPED/UNKNOWN,-659.0,-689.0,-764.0,-689.0,1467,87,-36.0,-67.0,928.3,784.2,2,17037/344,yes,,,
65830617,1040,09/15 07:27,1.0,NOT FLIPPED,UNKNOWN,UNKNOWN,3264.0,2403.0,2403.0,2403.0,10000,54,43.0,1588.0,110.1,285.2,,362/209,yes,,,
79454912,Desktop Debug,09/13 11:43,2.8,UNKNOWN,UNKNOWN,UNKNOWN,1012.0,410.0,410.0,508.0,10000,10000,27.0,7.0,56.6,55.6,,17058/365,yes,,,
72716170,17,09/15 07:34,1.0,FLIPPED,FLIPPED,FLIPPED,-4865.0,-4708.0,-4708.0,-4708.0,10000,3,-10662.5,4.0,6106.7,,,17032/344,yes,,,
70263700,36,09/15 08:28,1.0,FLIPPED,FLIPPED,FLIPPED,2304.0,2482.0,2282.0,2531.0,4631,7223,-5005.0,15.0,230.6,137.3,,17066/372,yes,,,
72392358,32,09/15 10:46,0.9,UNKNOWN,FLIPPED,FLIPPED,-1598.0,-1879.0,-1879.0,-1879.0,10000,10000,-39.0,80.0,30.4,38.8,,17078/391,no,,,
70269228,16,09/15 04:47,1.1,FLIPPED,UNKNOWN,UNKNOWN,2048.0,2207.0,2156.0,2207.0,102,36,-639.5,-14.0,657.3,95.4,,16131/296,yes,,,
72383175,48,09/15 10:35,0.9,UNKNOWN,UNKNOWN,UNKNOWN,2929.5,2834.0,2834.0,2834.0,442,9,344.5,2.0,447.7,47.2,,17060/368,yes,,,
77058339,TEST3,09/13 11:26,2.8,UNKNOWN,NOT FLIPPED,NOT FLIPPED,-3990.0,-4067.0,-4130.0,-4018.0,10000,10000,27.0,17.0,64.0,60.8,1,17066/372,yes,,,
70262090,TEST1,09/13 11:18,2.8,UNKNOWN,NOT FLIPPED,NOT FLIPPED/UNKNOWN,1163.0,1171.0,1163.0,1171.0,10000,10000,-17.0,-19.0,64.0,59.8,1,17066/372,yes,,,
65825625,61,09/14 05:29,2.1,UNKNOWN,FLIPPED,FLIPPED/UNKNOWN,-128.0,-217.0,-217.0,-217.0,1291,37,46.0,-171.0,1216.1,1366.5,2,16022/260,yes,,,
72383795,CSP150-1860-BLAKEST,09/15 08:39,1.0,NOT FLIPPED,NOT FLIPPED,NOT FLIPPED,1186.5,1376.0,1376.0,1376.0,10000,1349,1136.0,1283.0,74.4,97.0,1,17078/391,no,,,
72721394,116-D,09/14 09:21,1.9,UNKNOWN,UNKNOWN,UNKNOWN,-776.0,-2986.0,-2986.0,-2816.0,10000,10000,988.0,-1072.0,810.4,406.8,,17037/344,yes,0.0,0-416,09/15:152
65830294,125,09/14 07:48,2.0,UNKNOWN,NOT FLIPPED,NOT FLIPPED,-3283.0,-3099.0,-3099.0,-3099.0,10000,4084,-8742.0,8155.5,69.2,183.5,,17037/344,yes,,,
72379256,43,09/15 09:46,0.9,FLIPPED,FLIPPED,FLIPPED,-1410.0,-1059.0,-1059.0,-1059.0,10000,187,-4947.0,347.0,287.3,270.5,,17037/344,yes,,,
75368587,9,09/14 21:45,1.4,NOT FLIPPED,NOT FLIPPED,NOT FLIPPED,-3040.0,-3153.0,-3214.0,-3110.0,10000,2718,4430.0,2457.0,131.0,119.5,,17078/368,yes,,,
70266968,59,09/14 07:06,2.0,FLIPPED,FLIPPED,FLIPPED/UNKNOWN,632.0,655.5,434.0,877.0,10000,2154,-830.0,-7556.5,856.5,192.9,2,17037/344,yes,,,
75360766,30,09/16 07:29,0.0,NOT FLIPPED,UNKNOWN,UNKNOWN,3072.0,3188.0,3188.0,3188.0,10000,906,3850.0,4122.5,116.4,99.6,,16185/314,yes,,,
75368405,3,09/15 08:33,1.0,FLIPPED,FLIPPED,FLIPPED,3277.0,3624.0,3538.0,4487.0,127,3931,-264.0,6583.0,196.0,2645.0,,17060/368,yes,0.0,-0-1,
75366953,152 Shady Lane,09/15 06:49,1.0,NOT FLIPPED,NOT FLIPPED,NOT FLIPPED,451.0,143.0,143.0,241.0,10000,10000,5760.0,36.0,202.3,171.9,,17037/344,yes,,,
72381658,26,09/15 07:18,1.0,FLIPPED,UNKNOWN,UNKNOWN,-2304.0,-2186.0,-2326.0,-2018.0,10000,10000,-3824.0,7.0,138.4,72.3,,16131/296,yes,,,
75364743,51,09/14 06:58,2.0,UNKNOWN,UNKNOWN,UNKNOWN,-3617.0,-3658.0,-3820.0,-3658.0,410,21,-666.0,-249.0,803.0,1139.6,,17037/344,yes,,,
79463301,52,09/14 06:51,2.0,UNKNOWN,UNKNOWN,UNKNOWN,1319.0,1272.0,1140.0,1272.0,21,0,228.0,,879.6,,,17037/344,yes,,,
79463012,2,09/13 19:47,2.5,UNKNOWN,UNKNOWN,UNKNOWN,-1381.0,-1136.0,-1136.0,-1136.0,10000,10000,-8071.5,-5438.5,4941.0,3485.8,,17037/344,yes,,,
77054957,40 Maple Lane APT #2,09/15 08:33,1.0,UNKNOWN,FLIPPED,FLIPPED,2400.0,2377.0,2377.0,2377.0,10000,73,2.0,-5257.0,26.2,146.8,,17078/368,yes,,,
65824917,40 Maple Lane APT #0,09/15 09:09,0.9,NOT FLIPPED,NOT FLIPPED,NOT FLIPPED,-856.0,-788.0,-788.0,-788.0,4563,37,9231.0,12979.0,233.8,786.3,,17078/368,yes,,,
72386996,5,09/15 02:46,1.2,UNKNOWN,UNKNOWN,UNKNOWN,2148.0,2098.0,2098.0,2098.0,0,0,,,,,,17060/368,yes,,,
77057620,28,09/16 07:29,0.0,NOT FLIPPED,UNKNOWN,UNKNOWN,-896.0,-818.0,-818.0,-818.0,10000,4032,1272.5,3932.0,291.4,221.2,,16185/314,yes,,,
77056069,64,09/15 08:26,1.0,NOT FLIPPED,NOT FLIPPED,NOT FLIPPED,173.0,170.0,23.0,170.0,10000,10000,4667.0,946.5,142.6,71.3,,16185/314,yes,,,
70262199,69,09/15 09:43,0.9,NOT FLIPPED,UNKNOWN,UNKNOWN,1152.0,1229.0,1214.0,1229.0,8276,10000,5281.0,30.0,179.3,62.9,,16185/314,yes,,,
77061705,221,09/14 09:18,1.9,UNKNOWN,FLIPPED,FLIPPED,4337.0,4343.0,4196.0,4343.0,0,1177,,-6755.0,,162.5,2,17037/344,yes,,,
79461388,58,09/15 07:50,1.0,NOT FLIPPED,NOT FLIPPED,NOT FLIPPED,3200.0,2816.0,2816.0,2825.0,10000,9300,10122.0,6685.0,104.8,100.6,,16185/314,yes,,,
75362945,44,09/15 12:37,0.8,UNKNOWN,UNKNOWN,UNKNOWN,7738.0,1722.0,1722.0,1722.0,7312,0,16.0,,39.8,,,17037/391,no,0.0,-0-0,
70268956,217,09/15 08:17,1.0,NOT FLIPPED,NOT FLIPPED,NOT FLIPPED,1673.0,1624.0,1624.0,1624.0,8144,32,9.0,1383.5,511.6,228.5,1,17078/391,no,,,
79461768,21 Maple Lane,09/15 09:10,0.9,FLIPPED,FLIPPED,FLIPPED,-1999.5,-2047.0,-2047.0,-1998.0,10000,2070,-4367.0,-6011.0,202.3,262.1,,17078/368,yes,,,
75365898,136 Shady Lane,09/15 07:53,1.0,FLIPPED,FLIPPED,FLIPPED,1803.0,1803.0,1803.0,1803.0,10000,22,-73.0,-4721.0,73.4,184.5,,17060/368,yes,,,
72378456,TEST6,09/13 11:25,2.8,UNKNOWN,NOT FLIPPED,NOT FLIPPED,-3691.0,-3838.0,-3838.0,-3740.0,10000,10000,26.0,12.0,64.0,59.8,1,17066/372,yes,,,
75365302,33 Maple Lane,09/16 07:30,0.0,FLIPPED,FLIPPED,FLIPPED,851.0,643.0,643.0,643.0,0,0,,,,,,17060/368,yes,,,
79463426,169,09/14 07:47,2.0,UNKNOWN,UNKNOWN,UNKNOWN,3610.0,3576.0,3525.0,3576.0,2092,652,-103.5,-10.5,841.8,851.3,,17037/344,yes,,,
79457667,105,09/14 06:43,2.0,UNKNOWN,UNKNOWN,UNKNOWN,-2680.0,-2468.0,-2517.0,-2468.0,3701,1232,-5502.0,-12953.0,168.8,258.9,,17037/344,yes,,,
65822127,11 Oaks,09/15 04:21,1.1,NOT FLIPPED,UNKNOWN,UNKNOWN,-2176.0,-2222.5,-2322.0,-2125.0,10000,10000,3534.0,10.5,131.0,116.4,,16131/296,yes,,,
65829130,1010,09/15 07:37,1.0,FLIPPED,FLIPPED,FLIPPED,-512.0,-1823.0,-1823.0,-1823.0,10000,9538,-3289.5,-3564.5,86.0,94.4,,17078/391,no,133.0,30-259,09/16:157
77054379,53,09/15 07:06,1.0,NOT FLIPPED,NOT FLIPPED,NOT FLIPPED,-3072.0,-3109.0,-3158.0,-3060.0,10000,10000,3991.0,4006.0,73.4,79.7,,16185/314,yes,,,
77036657,37,09/15 08:51,0.9,NOT FLIPPED,UNKNOWN,UNKNOWN,2880.0,2835.0,2811.0,2990.0,10000,10000,5156.0,873.0,84.9,55.6,,16185/314,yes,,,
77056630,31,09/15 10:24,0.9,FLIPPED,FLIPPED,FLIPPED,4234.0,4198.0,4198.0,4198.0,10000,10000,-43.0,30.0,106.9,79.7,,17078/391,no,,,
70271133,1008,09/15 07:35,1.0,FLIPPED,FLIPPED,FLIPPED,1728.0,-593.0,-593.0,-593.0,10000,8208,-6064.0,8.0,193.9,101.7,,17066/209,yes,98.0,54-274,
72389479,45,09/15 09:52,0.9,NOT FLIPPED,NOT FLIPPED,NOT FLIPPED,-2234.0,-2228.0,-2253.0,4488.0,7851,214,7.0,-525.5,39.8,331.3,1,17037/344,yes,1.0,-3-4,09/16:1
70269160,22,09/15 09:38,0.9,NOT FLIPPED,NOT FLIPPED,NOT FLIPPED,3686.0,3725.0,3725.0,3956.0,10000,3,3183.0,24.0,1735.0,,,17037/344,yes,,,
70272313,47,09/14 07:45,2.0,NOT FLIPPED,FLIPPED,FLIPPED,-2919.0,-2932.0,-2932.0,-2932.0,6,1299,4.5,-11776.0,,130.0,2,17037/344,yes,,,
72714092,TEST5,09/13 11:18,2.8,UNKNOWN,NOT FLIPPED,NOT FLIPPED/UNKNOWN,-384.0,-380.0,-399.0,-380.0,10000,10000,-16.0,1.0,83.9,79.7,1,17066/372,yes,,,
75363901,75 Shady Lane,09/15 08:24,1.0,FLIPPED,FLIPPED,FLIPPED,3152.0,2920.0,2920.0,2920.0,7742,7246,-5083.0,-37.0,143.6,31.5,,17037/344,yes,,,
75361806,2,09/15 08:34,1.0,NOT FLIPPED,FLIPPED,FLIPPED,1401.0,1434.0,1434.0,1434.0,10000,0,-38.0,,93.3,,,17060/368,yes,,,
75367589,113,09/15 06:57,1.0,NOT FLIPPED,NOT FLIPPED,NOT FLIPPED,4039.0,3745.0,3745.0,3745.0,10000,681,4674.0,4685.0,137.3,135.2,1,17037/344,yes,,,
70262298,42,09/14 09:19,1.9,UNKNOWN,UNKNOWN,NOT FLIPPED/UNKNOWN,2797.0,2783.0,2734.0,2783.0,714,9348,-22.5,-2593.0,2923.9,96.4,1,17037/344,yes,,,
77041962,40 Maple Lane APT #1,09/15 08:05,1.0,FLIPPED,FLIPPED,FLIPPED,911.5,907.0,907.0,907.0,10000,932,-41.0,-6095.5,78.6,161.4,,17078/391,no,,,
65828520,40 Maple Lane APT #4,09/15 07:17,1.0,NOT FLIPPED,NOT FLIPPED,NOT FLIPPED,-1667.0,-1665.5,-1667.0,-1664.0,10000,1699,5173.5,5369.0,124.8,132.1,,17078/391,no,,,
65823042,1038,09/15 03:07,1.2,FLIPPED,UNKNOWN,UNKNOWN,1216.0,-433.0,-482.0,-384.0,10000,10000,-5719.0,-31.0,168.8,74.4,,362/209,yes,38.0,28-68,09/16:20
77061812,25,09/16 07:33,0.0,FLIPPED,FLIPPED,FLIPPED/UNKNOWN,-4096.0,-4231.0,-4231.0,-4231.0,10000,667,-5118.0,-4890.0,100.6,109.6,2,16185/314,yes,,,
77028688,63,09/15 08:55,0.9,NOT FLIPPED,NOT FLIPPED,NOT FLIPPED/UNKNOWN,-2048.0,-2116.0,-2165.0,-2067.0,10000,10000,4635.5,25.0,98.5,43.0,1,16185/314,yes,,,
79464432,47A,09/14 07:15,2.0,UNKNOWN,UNKNOWN,UNKNOWN,1620.0,1695.0,1646.0,1702.0,7716,5307,-137.0,-149.0,434.0,361.7,,17037/344,yes,,,
70267966,40 Maple Lane APT #5,09/15 07:10,1.0,NOT FLIPPED,NOT FLIPPED,NOT FLIPPED,382.0,107.0,56.0,107.0,10000,6522,5418.0,5350.0,126.9,120.6,,17028/341,yes,,,
70270143,33,09/15 03:16,1.2,FLIPPED,UNKNOWN,UNKNOWN,896.0,1000.0,1000.0,1004.0,0,10000,,14.0,,65.0,,16131/296,yes,,,
77059808,C53OFFICE,09/15 10:47,0.9,UNKNOWN,UNKNOWN,UNKNOWN,-1318.0,-1314.0,-1314.0,-1314.0,10000,72,-38.0,1204.5,155.2,91.2,,17060/368,yes,,,
72390147,259,09/15 10:01,0.9,NOT FLIPPED,NOT FLIPPED,NOT FLIPPED,2551.0,1314.0,1314.0,1314.0,0,11,,-1473.0,,620.6,,17078/391,no,0.0,0-0,09/16:0
72392382,55,09/15 08:13,1.0,FLIPPED,UNKNOWN,UNKNOWN,2048.0,2086.0,2086.0,2184.0,10000,8569,-5623.5,-26.0,103.8,43.0,,16185/314,yes,,,
72390634,139BONNER,09/15 09:20,0.9,UNKNOWN,UNKNOWN,UNKNOWN,-442.5,-399.0,-399.0,-399.0,10000,47,296.5,335.0,364.8,70.2,,17037/344,yes,,,
72390592,TEST2,09/13 11:19,2.8,UNKNOWN,NOT FLIPPED,NOT FLIPPED/UNKNOWN,-1354.0,-1330.0,-1365.0,-1330.0,10000,10000,-19.0,35.0,79.7,73.4,1,17066/372,yes,,,
70268923,47,09/14 09:57,1.9,UNKNOWN,FLIPPED,FLIPPED,27.0,-14.0,-14.0,17.0,10000,8460,171.5,64.0,393.1,391.0,2,17060/368,yes,,,
77053264,210,09/14 04:37,2.1,UNKNOWN,UNKNOWN,UNKNOWN,1152.0,776.5,744.0,801.0,10000,10000,-1219.0,-3103.5,1390.1,262.1,,16131/296,yes,,,
70266471,66,09/14 08:45,2.0,NOT FLIPPED,FLIPPED,FLIPPED,-5271.0,-5232.0,-5232.0,-5232.0,83,3,743.0,-74.0,624.3,,2,17037/344,yes,,,
75366938,29 Maple Lane,09/15 09:40,0.9,NOT FLIPPED,NOT FLIPPED,NOT FLIPPED,-661.0,-805.0,-805.0,-805.0,6197,280,58.0,3375.0,51.4,212.8,,17037/344,yes,,,
75364586,103 Shady Lane,09/15 08:14,1.0,NOT FLIPPED,NOT FLIPPED,NOT FLIPPED,5126.0,4879.0,4579.0,4879.0,9589,812,3112.0,3325.0,159.4,162.5,,17060/368,yes,,,
75368777,144 Shady Lane-Old,09/15 09:24,0.9,NOT FLIPPED,NOT FLIPPED,NOT FLIPPED,-7700.0,-7709.0,-7807.0,-7660.0,6552,10000,4530.5,18.0,121.6,35.6,,17037/344,yes,,,
79461115,15 Maple Lane,09/15 08:02,1.0,NOT FLIPPED,NOT FLIPPED,NOT FLIPPED,-1871.0,-1732.0,-1732.0,-1683.0,10000,7385,2241.0,23.0,89.1,53.5,1,17037/344,yes,,,
72384488,200,09/15 06:49,1.0,NOT FLIPPED,NOT FLIPPED,NOT FLIPPED,-620.0,-629.0,-629.0,-629.0,8696,0,28.0,,61.9,,1,17078/368,yes,,,
75367100,5033 Spruce Lane,09/15 07:57,1.0,NOT FLIPPED,NOT FLIPPED,NOT FLIPPED,1664.0,1644.0,1644.0,1644.0,10000,2123,6389.5,7224.0,174.0,205.5,1,17060/368,yes,,,
79464069,1,09/14 07:57,2.0,UNKNOWN,UNKNOWN,UNKNOWN,274.0,236.0,187.0,236.0,10000,10000,-2353.5,-3804.0,2033.8,726.5,2,17037/344,yes,,,
70262371,46,09/13 17:47,2.6,NOT FLIPPED,FLIPPED,FLIPPED/UNKNOWN,768.0,748.0,611.0,1305.0,3335,7863,451.0,1865.0,2162.3,3442.3,2,16185/314,yes,78.0,0-432,09/15:0 09/16:21
79464317,44,09/14 08:07,2.0,FLIPPED,FLIPPED,FLIPPED,-1315.0,2569.0,2552.0,2569.0,10000,10000,-2514.0,4031.0,585.0,67.1,2,17037/344,yes,147.0,77-222,09/15:3
79458566,45,09/14 03:10,2.2,UNKNOWN,UNKNOWN,UNKNOWN,5461.0,5166.0,5166.0,5313.0,52,6,-5422.0,-12.0,112.2,,,17037/344,yes,,,
79462923,109,09/13 12:11,2.8,NOT FLIPPED,NOT FLIPPED,NOT FLIPPED,-5578.0,-5909.0,-5958.0,-5860.0,10000,13,20.0,48.0,36.7,61.3,1,17078/344,yes,,,
79463723,99,09/14 05:12,2.1,UNKNOWN,NOT FLIPPED,NOT FLIPPED/UNKNOWN,-791.0,-744.0,-744.0,-744.0,1004,4869,3838.5,5226.0,111.1,106.9,1,17037/344,yes,,,
79461024,37,09/13 23:45,2.3,UNKNOWN,UNKNOWN,UNKNOWN,376.0,-9041.0,-9278.0,-9041.0,10000,10000,4438.0,3563.0,1216.1,1595.6,,17037/344,yes,1222.0,1093-1805,09/15:0
65822283,1014,09/15 03:43,1.2,FLIPPED,UNKNOWN,UNKNOWN,896.0,-104.0,-116.0,-104.0,10000,10000,-4679.0,6.0,162.5,59.8,,362/209,yes,,,
70271315,192,09/14 09:51,1.9,UNKNOWN,FLIPPED,FLIPPED,-512.0,-699.0,-699.0,-601.0,10000,897,7262.0,-7239.0,49.3,111.1,2,17037/344,yes,,,
70268832,116 Shady Lane,09/15 08:32,1.0,FLIPPED,FLIPPED,FLIPPED,-3277.0,-3396.0,-3396.0,-3396.0,10000,42,-109.0,-354.5,189.8,396.3,,17078/368,yes,,,
79462295,36,09/14 07:08,2.0,NOT FLIPPED,NOT FLIPPED,NOT FLIPPED,-599.0,-6058.0,-6058.0,-6058.0,10000,10000,-2558.5,-5580.0,2221.5,49.3,1,17037/344,yes,830.0,176-1349,09/15:81
79466858,154 Shady Lane,09/15 09:45,0.9,NOT FLIPPED,NOT FLIPPED,NOT FLIPPED,-5351.0,-5346.0,-5346.0,-5297.0,10000,1616,4903.0,5721.5,92.3,173.0,,17060/368,yes,,,
79455422,76 Shady Lane,09/15 07:19,1.0,NOT FLIPPED,NOT FLIPPED,NOT FLIPPED,29.5,,,,10000,5311,1475.0,7806.0,71.3,153.1,,17078/368,yes,,,
79456024,4,09/14 02:43,2.2,FLIPPED,UNKNOWN,UNKNOWN,-1541.0,-3091.0,-3091.0,-3091.0,10000,3,-4807.0,85.0,1467.7,,,17037/344,yes,736.0,-6878-1183,09/15:0
72390865,206,09/15 07:28,1.0,FLIPPED,FLIPPED,FLIPPED,4737.0,4679.0,4679.0,4679.0,10000,114,-808.5,172.5,223.3,451.8,2,17078/368,yes,,,
79464275,206,09/14 08:49,1.9,UNKNOWN,FLIPPED,FLIPPED,-5297.0,-5426.0,-5524.0,-5426.0,10000,10000,-4590.0,-5685.5,2420.7,1491.8,,17037/344,yes,,,
79456776,81,09/14 07:35,2.0,UNKNOWN,UNKNOWN,FLIPPED/UNKNOWN,-122.0,-186.0,-186.0,-186.0,10000,5230,-1628.0,-4711.0,888.0,192.9,2,17037/344,yes,,,
