serial,apt,n_post,zeros_post,zero_pre,cls_pre,zero_post,edge_post,cls_post,events_post,noise_pre,noise_post,dir_rep_pre,dir_rep_post,dir_draw_post,pos,neg,tnormAvg,quiet_final,basis,dir_final
65822127,11 Oaks,10620,30,3595,DISAGREE,-4,-37,AGREE,5,105.9,110.1,NOT FLIPPED,UNKNOWN,NOT FLIPPED,1246,8,376,-4,largest~tnormAvg,NOT FLIPPED
65822283,1014,17693,108,-4787,DISAGREE,10,-7,AGREE,5,131.0,58.7,FLIPPED,UNKNOWN,FLIPPED,3,128,-94,-7,edge~tnormAvg,FLIPPED
65823042,1038,20000,102,-5936,DISAGREE,-2,75,CONTINUOUS,3,125.8,66.0,FLIPPED,UNKNOWN,FLIPPED,7,206,-19,-2,largest~tnormAvg,FLIPPED
65828520,40 Maple Lane APT #4,1127,0,-2,AGREE,9597,7,DISAGREE,28,22.0,108.0,NOT FLIPPED,NOT FLIPPED,FLIPPED,1022,0,625,7,edge~tnormAvg,NOT FLIPPED
65829130,1010,6948,0,-3361,DISAGREE,-3384,50,DISAGREE,74,97.5,143.6,FLIPPED,FLIPPED,FLIPPED,14,6499,404,50,edge~tnormAvg,FLIPPED
65830294,125,6284,0,-8855,DISAGREE,8551,17,DISAGREE,85,47.2,350.2,UNKNOWN,NOT FLIPPED,ambiguous,5842,4,351,17,edge~tnormAvg,NOT FLIPPED
65831011,38,4529,0,2,AGREE,-7550,-6,DISAGREE,30,127.9,168.8,FLIPPED,FLIPPED,FLIPPED,2,4311,-491,-6,edge~tnormAvg,FLIPPED
68593019,32,856,0,-252,AGREE,-14461,-130,DISAGREE,27,440.3,304.0,UNKNOWN,FLIPPED,NOT FLIPPED,6,723,-61,-130,edge~tnormAvg,FLIPPED
70262090,TEST1,20000,101,-11,AGREE,-23,,CONTINUOUS,2,93.3,62.9,UNKNOWN,NOT FLIPPED,NOT FLIPPED,19,0,-16,-23,largest~tnormAvg,NOT FLIPPED
70262199,69,11539,60,5385,DISAGREE,20,158,AGREE,21,133.1,58.7,NOT FLIPPED,UNKNOWN,NOT FLIPPED,1054,9,53,20,largest~tnormAvg,NOT FLIPPED
70262298,42,9332,0,2867,DISAGREE,-1638,-200,DISAGREE,45,57.7,218.1,UNKNOWN,UNKNOWN,FLIPPED,31,5962,-467,-200,edge~tnormAvg,FLIPPED
70262371,46,7863,0,2035,CONTINUOUS,-647,-224,AGREE,32,397.3,377.4,NOT FLIPPED,FLIPPED,NOT FLIPPED,4335,1003,15,-224,edge~tnormAvg,NOT FLIPPED
70263700,36,7163,20,-4962,DISAGREE,18,-32,AGREE,2,169.8,135.2,UNKNOWN,FLIPPED,FLIPPED,0,140,-184,-32,edge~tnormAvg,FLIPPED
70266968,59,2005,0,-1143,DISAGREE,-7562,4,DISAGREE,40,331.3,297.7,FLIPPED,FLIPPED,ambiguous,15,1709,-130,4,edge~tnormAvg,FLIPPED
70267966,40 Maple Lane APT #5,5802,2,5227,DISAGREE,5400,-36,DISAGREE,53,169.8,113.2,NOT FLIPPED,NOT FLIPPED,ambiguous,5414,0,365,-36,edge~tnormAvg,NOT FLIPPED
70268923,47,5516,1,-342,AGREE,797,-385,DISAGREE,296,160.4,356.4,UNKNOWN,FLIPPED,FLIPPED,701,63,-9,-385,edge~tnormAvg,NOT FLIPPED
70269228,16,36,0,-1009,DISAGREE,-50,-57,AGREE,7,377.4,95.4,FLIPPED,UNKNOWN,no draws,0,0,24,-50,largest~tnormAvg,no draws
70270143,33,20000,114,,,-13,-11,AGREE,4,,62.9,FLIPPED,UNKNOWN,no draws,0,0,-10,-11,edge~tnormAvg,no draws
70271133,1008,7167,27,-3195,DISAGREE,24,16,AGREE,2,158.3,94.4,FLIPPED,FLIPPED,no draws,0,0,22,24,largest~tnormAvg,no draws
70271315,192,557,0,-6520,DISAGREE,-6939,-27,DISAGREE,10,99.6,252.7,UNKNOWN,FLIPPED,NOT FLIPPED,0,516,-42,-27,edge~tnormAvg,FLIPPED
70272313,47,1299,0,,,-4715,43,DISAGREE,36,,197.1,NOT FLIPPED,FLIPPED,FLIPPED,2,1150,-131,43,edge~tnormAvg,FLIPPED
72378456,TEST6,20000,111,10,AGREE,0,,NO-EDGES,2,83.9,62.9,UNKNOWN,NOT FLIPPED,NOT FLIPPED,47,0,22,0,largest~tnormAvg,NOT FLIPPED
72381658,26,20000,81,-3851,DISAGREE,20,26,CONTINUOUS,3,112.2,78.6,FLIPPED,UNKNOWN,FLIPPED,33,1371,-40,20,largest~tnormAvg,FLIPPED
72389479,45,203,0,3,AGREE,-814,2244,DISAGREE,7,37.7,270.5,NOT FLIPPED,NOT FLIPPED,NOT FLIPPED,63,12,383,-814,largest~tnormAvg,NOT FLIPPED
72390592,TEST2,20000,105,-8,AGREE,24,,CONTINUOUS,2,99.6,80.7,UNKNOWN,NOT FLIPPED,NOT FLIPPED,19,0,53,24,largest~tnormAvg,NOT FLIPPED
72390634,139BONNER,47,0,19,AGREE,256,,CONTINUOUS,1,98.5,70.2,UNKNOWN,UNKNOWN,no draws,0,0,248,256,largest~tnormAvg,no draws
72392382,55,8246,65,-5878,DISAGREE,-11,-7,AGREE,18,95.4,38.8,FLIPPED,UNKNOWN,FLIPPED,0,1141,-89,-11,largest~tnormAvg,FLIPPED
72714092,TEST5,20000,95,-9,AGREE,-2,64,CONTINUOUS,2,111.1,80.7,UNKNOWN,NOT FLIPPED,NOT FLIPPED,20,1,9,-2,largest~tnormAvg,NOT FLIPPED
72721394,116-D,4623,0,1285,CONTINUOUS,-9345,84,DISAGREE,46,346.0,165.6,UNKNOWN,UNKNOWN,NOT FLIPPED,1,4324,-419,84,edge~tnormAvg,FLIPPED
75363901,75 Shady Lane,7118,34,-4596,DISAGREE,-25,-64,AGREE,3,110.1,31.5,FLIPPED,FLIPPED,FLIPPED,0,86,-61,-64,edge~tnormAvg,FLIPPED
75364586,103 Shady Lane,498,1,4630,DISAGREE,4518,67,DISAGREE,15,145.7,113.2,NOT FLIPPED,NOT FLIPPED,FLIPPED,355,7,15,67,edge~tnormAvg,NOT FLIPPED
75366953,152 Shady Lane,10748,23,10124,DISAGREE,30,16,CONTINUOUS,2,180.3,173.0,NOT FLIPPED,NOT FLIPPED,NOT FLIPPED,37,0,55,30,largest~tnormAvg,NOT FLIPPED
75368405,3,3931,0,-3313,DISAGREE,5372,256,DISAGREE,7,209.7,465.5,FLIPPED,FLIPPED,ambiguous,1869,1027,-2190,,ambiguous(tnormAvg -2190),ambiguous
75368587,9,1730,0,10526,DISAGREE,2397,11,DISAGREE,12,217.0,156.2,NOT FLIPPED,NOT FLIPPED,NOT FLIPPED,1675,0,194,11,edge~tnormAvg,NOT FLIPPED
75368777,144 Shady Lane-Old,20000,195,4211,DISAGREE,2,39,AGREE,7,100.6,36.7,NOT FLIPPED,NOT FLIPPED,NOT FLIPPED,236,3,6,2,largest~tnormAvg,NOT FLIPPED
77028688,63,8208,42,0,AGREE,15,46,AGREE,13,46.1,36.7,NOT FLIPPED,NOT FLIPPED,NOT FLIPPED,1973,1,71,46,edge~tnormAvg,NOT FLIPPED
77036657,37,11192,6,5451,DISAGREE,13,703,AGREE,74,74.4,40.9,NOT FLIPPED,UNKNOWN,NOT FLIPPED,4561,44,21,13,largest~tnormAvg,NOT FLIPPED
77053264,210,5295,3,1142,DISAGREE,-5720,46,DISAGREE,53,384.8,298.8,UNKNOWN,UNKNOWN,FLIPPED,14,4914,-575,46,edge~tnormAvg,FLIPPED
77054379,53,11440,1,4099,DISAGREE,3929,-92,DISAGREE,61,77.6,227.5,UNKNOWN,NOT FLIPPED,NOT FLIPPED,11141,0,1118,-92,edge~tnormAvg,NOT FLIPPED
77056069,64,10756,21,143,AGREE,24,-1,AGREE,55,60.8,50.3,UNKNOWN,NOT FLIPPED,NOT FLIPPED,4937,75,726,24,largest~tnormAvg,NOT FLIPPED
77058339,TEST3,20000,106,32,AGREE,-20,,NO-EDGES,2,83.9,62.9,UNKNOWN,NOT FLIPPED,NOT FLIPPED,41,0,21,-20,largest~tnormAvg,NOT FLIPPED
77061705,221,1177,0,,,-7101,-37,DISAGREE,25,,225.4,NOT FLIPPED,FLIPPED,ambiguous,0,1059,-92,-37,edge~tnormAvg,FLIPPED
79454912,Desktop Debug,20000,173,23,CONTINUOUS,2,,CONTINUOUS,1,40.9,55.6,UNKNOWN,UNKNOWN,no draws,0,0,10,2,largest~tnormAvg,no draws
79455422,76 Shady Lane,3085,2,12,AGREE,7680,58,DISAGREE,15,38.8,87.0,NOT FLIPPED,NOT FLIPPED,NOT FLIPPED,2988,0,281,58,edge~tnormAvg,NOT FLIPPED
79456776,81,2695,0,-1136,DISAGREE,-4828,41,DISAGREE,37,402.6,101.7,UNKNOWN,UNKNOWN,FLIPPED,0,2546,-175,41,edge~tnormAvg,FLIPPED
79457667,105,959,0,-5262,DISAGREE,-14456,55,DISAGREE,31,139.4,370.1,UNKNOWN,UNKNOWN,NOT FLIPPED,12,807,-101,55,edge~tnormAvg,FLIPPED
79460877,89,20000,0,-1276,DISAGREE,-1155,-564,AGREE,43,382.7,316.6,UNKNOWN,UNKNOWN,FLIPPED,287,1423,-1286,-1155,largest~tnormAvg,FLIPPED
79461115,15 Maple Lane,6871,49,2173,DISAGREE,17,-38,AGREE,3,82.8,49.3,NOT FLIPPED,NOT FLIPPED,NOT FLIPPED,301,4,159,17,largest~tnormAvg,NOT FLIPPED
79461388,58,6501,1,9958,DISAGREE,6870,-212,DISAGREE,108,258.9,314.5,NOT FLIPPED,NOT FLIPPED,ambiguous,5681,11,503,-212,edge~tnormAvg,NOT FLIPPED
79461768,21 Maple Lane,1285,0,-4243,DISAGREE,-4346,-11,DISAGREE,15,178.2,103.8,FLIPPED,FLIPPED,FLIPPED,0,1194,-89,-11,edge~tnormAvg,FLIPPED
79462295,36,20000,1,2787,DISAGREE,-5628,16,DISAGREE,6,219.1,64.0,FLIPPED,NOT FLIPPED,NOT FLIPPED,3295,1,-4190,-5628,largest~tnormAvg,NOT FLIPPED
79463012,2,2181,1,-119,AGREE,6882,-4,DISAGREE,39,436.1,168.8,UNKNOWN,UNKNOWN,ambiguous,2008,2,138,-4,edge~tnormAvg,NOT FLIPPED
79463426,169,480,0,-113,AGREE,-3,8,AGREE,64,348.1,294.6,UNKNOWN,UNKNOWN,ambiguous,39,49,-5,-3,largest~tnormAvg,ambiguous
79463723,99,15332,2,3642,DISAGREE,4804,-25,DISAGREE,122,78.6,246.4,UNKNOWN,UNKNOWN,NOT FLIPPED,14723,0,455,-25,edge~tnormAvg,NOT FLIPPED
79464069,1,4151,1,-121,CONTINUOUS,-8566,-67,DISAGREE,76,448.7,208.6,UNKNOWN,UNKNOWN,ambiguous,1,3721,-171,-67,edge~tnormAvg,FLIPPED
79464275,206,2152,0,783,AGREE,-7452,-53,DISAGREE,4,357.5,,UNKNOWN,FLIPPED,NOT FLIPPED,1,2138,3,-53,edge~tnormAvg,FLIPPED
79464317,44,20000,0,-3936,DISAGREE,3985,-61,DISAGREE,14,257.9,76.5,FLIPPED,FLIPPED,FLIPPED,1,1516,2531,3985,largest~tnormAvg,FLIPPED
79464432,47A,4497,2,-800,AGREE,-802,521,DISAGREE,353,306.1,319.8,UNKNOWN,UNKNOWN,NOT FLIPPED,50,835,-20,521,edge~tnormAvg,FLIPPED
79466858,154 Shady Lane,1211,1,7,AGREE,7624,130,DISAGREE,18,49.3,110.1,NOT FLIPPED,NOT FLIPPED,FLIPPED,1096,0,90,130,edge~tnormAvg,NOT FLIPPED
