FanMode,Lookback,MaxPairs,LevelTolATR,MinCount,MinDensity,MaxDistATR,n,toward5,reach10,mirror10,edge,fwd5_mean,fwd5_up,n_above,up5_above,n_below,up5_below
1,0,,0.25,3,0.0,,288,49.8,59.4,61.1,-1.7,0.84,55.9,150,55.3,143,55.9
1,0,,0.25,3,0.0,2.0,222,49.3,67.1,71.2,-4.1,0.67,54.1,125,52.8,102,54.9
1,0,,0.25,3,0.25,,2,0.0,0.0,50.0,-50.0,-11.65,0.0,2,0.0,0,nan
1,0,,0.25,4,0.0,,213,50.9,59.6,62.0,-2.3,1.47,56.8,116,56.9,98,56.1
1,0,,0.25,4,0.0,2.0,173,50.0,67.1,71.7,-4.6,1.16,54.3,97,53.6,77,54.5
1,0,,0.25,5,0.0,,143,51.7,56.6,61.5,-4.9,0.74,53.8,88,54.5,55,52.7
1,0,,0.25,5,0.0,2.0,117,47.9,64.1,72.6,-8.5,0.32,51.3,71,49.3,46,54.3
1,0,,0.25,7,0.0,,40,47.5,55.0,62.5,-7.5,-0.68,35.0,27,37.0,13,30.8
1,0,,0.25,7,0.0,2.0,34,44.1,58.8,67.6,-8.8,-1.05,32.4,24,33.3,10,30.0
1,0,,0.35,3,0.0,,326,53.8,65.3,55.8,9.5,1.16,57.1,167,60.5,164,53.0
1,0,,0.35,3,0.0,2.0,251,53.6,72.9,66.5,6.4,0.98,54.2,127,57.5,129,50.4
1,0,,0.35,3,0.25,,5,40.0,60.0,40.0,20.0,3.38,40.0,5,40.0,0,nan
1,0,,0.35,3,0.25,2.0,3,66.7,100.0,33.3,66.7,13.39,66.7,3,66.7,0,nan
1,0,,0.35,3,0.33,,1,0.0,0.0,100.0,-100.0,-15.11,0.0,1,0.0,0,nan
1,0,,0.35,4,0.0,,254,54.2,65.4,55.9,9.4,1.05,55.9,129,59.7,128,51.6
1,0,,0.35,4,0.0,2.0,201,54.5,73.1,66.2,7.0,0.91,52.7,98,57.1,106,48.1
1,0,,0.35,4,0.25,,4,50.0,75.0,50.0,25.0,6.27,50.0,4,50.0,0,nan
1,0,,0.35,4,0.25,2.0,3,66.7,100.0,33.3,66.7,13.39,66.7,3,66.7,0,nan
1,0,,0.35,4,0.33,,1,0.0,0.0,100.0,-100.0,-15.11,0.0,1,0.0,0,nan
1,0,,0.35,5,0.0,,195,58.8,66.7,55.4,11.3,0.59,52.8,114,59.6,84,42.9
1,0,,0.35,5,0.0,2.0,161,57.5,74.5,64.0,10.6,0.16,48.4,89,55.1,75,40.0
1,0,,0.35,5,0.25,,3,66.7,100.0,33.3,66.7,13.39,66.7,3,66.7,0,nan
1,0,,0.35,5,0.25,2.0,3,66.7,100.0,33.3,66.7,13.39,66.7,3,66.7,0,nan
1,0,,0.35,7,0.0,,86,58.1,60.5,53.5,7.0,0.39,47.7,51,54.9,35,37.1
1,0,,0.35,7,0.0,2.0,70,52.9,71.4,64.3,7.1,0.18,41.4,38,44.7,32,37.5
1,0,,0.5,3,0.0,,340,52.5,64.1,58.8,5.3,1.24,57.9,173,60.1,172,55.2
1,0,,0.5,3,0.0,2.0,271,53.3,72.0,65.7,6.3,1.03,55.7,138,58.7,138,52.2
1,0,,0.5,3,0.25,,40,57.5,75.0,60.0,15.0,1.85,62.5,30,63.3,10,60.0
1,0,,0.5,3,0.25,2.0,35,62.9,82.9,60.0,22.9,3.16,68.6,25,72.0,10,60.0
1,0,,0.5,3,0.33,,5,60.0,60.0,60.0,0.0,4.4,60.0,3,66.7,2,50.0
1,0,,0.5,3,0.33,2.0,4,75.0,75.0,50.0,25.0,9.27,75.0,2,100.0,2,50.0
1,0,,0.5,4,0.0,,289,53.8,67.1,57.4,9.7,0.95,57.1,151,60.3,143,53.1
1,0,,0.5,4,0.0,2.0,234,54.9,74.8,63.7,11.1,0.5,53.4,119,58.0,120,48.3
1,0,,0.5,4,0.25,,39,59.0,76.9,61.5,15.4,2.1,64.1,29,65.5,10,60.0
1,0,,0.5,4,0.25,2.0,35,62.9,82.9,60.0,22.9,3.16,68.6,25,72.0,10,60.0
1,0,,0.5,4,0.33,,5,60.0,60.0,60.0,0.0,4.4,60.0,3,66.7,2,50.0
1,0,,0.5,4,0.33,2.0,4,75.0,75.0,50.0,25.0,9.27,75.0,2,100.0,2,50.0
1,0,,0.5,5,0.0,,246,55.5,68.7,56.1,12.6,0.86,54.9,137,59.1,112,49.1
1,0,,0.5,5,0.0,2.0,203,56.4,76.4,62.6,13.8,0.56,51.7,110,57.3,96,44.8
1,0,,0.5,5,0.25,,34,58.8,76.5,61.8,14.7,3.54,67.6,27,66.7,7,71.4
1,0,,0.5,5,0.25,2.0,31,61.3,80.6,61.3,19.4,4.32,71.0,24,70.8,7,71.4
1,0,,0.5,5,0.33,,4,75.0,75.0,50.0,25.0,9.27,75.0,2,100.0,2,50.0
1,0,,0.5,5,0.33,2.0,4,75.0,75.0,50.0,25.0,9.27,75.0,2,100.0,2,50.0
1,0,,0.5,7,0.0,,146,57.2,61.0,56.8,4.1,0.77,52.7,85,58.8,61,44.3
1,0,,0.5,7,0.0,2.0,119,55.9,71.4,63.0,8.4,0.78,50.4,64,56.2,55,43.6
1,0,,0.5,7,0.25,,25,64.0,72.0,64.0,8.0,3.34,76.0,20,75.0,5,80.0
1,0,,0.5,7,0.25,2.0,22,68.2,77.3,63.6,13.6,4.41,81.8,17,82.4,5,80.0
1,0,,0.5,7,0.33,,3,66.7,66.7,33.3,33.3,14.96,100.0,2,100.0,1,100.0
1,0,,0.5,7,0.33,2.0,3,66.7,66.7,33.3,33.3,14.96,100.0,2,100.0,1,100.0
1,40,,0.25,3,0.0,,141,58.6,68.1,65.2,2.8,2.28,58.9,61,70.5,81,50.6
1,40,,0.25,3,0.0,2.0,114,56.6,71.9,76.3,-4.4,2.32,61.4,53,69.8,62,54.8
1,40,,0.25,3,0.25,,137,58.8,67.9,65.0,2.9,2.05,57.7,59,69.5,79,49.4
1,40,,0.25,3,0.25,2.0,112,56.8,71.4,75.9,-4.5,2.27,60.7,52,69.2,61,54.1
1,40,,0.25,3,0.33,,86,57.6,67.4,69.8,-2.3,1.4,53.5,28,67.9,58,46.6
1,40,,0.25,3,0.33,2.0,70,55.1,71.4,81.4,-10.0,1.81,58.6,24,70.8,46,52.2
1,40,,0.25,3,0.5,,17,64.7,64.7,58.8,5.9,0.49,47.1,2,100.0,15,40.0
1,40,,0.25,3,0.5,2.0,14,64.3,78.6,71.4,7.1,0.78,50.0,2,100.0,12,41.7
1,40,,0.25,4,0.0,,39,50.0,64.1,82.1,-17.9,1.9,51.3,17,52.9,22,50.0
1,40,,0.25,4,0.0,2.0,33,53.1,66.7,87.9,-21.2,1.07,48.5,13,53.8,20,45.0
1,40,,0.25,4,0.25,,39,50.0,64.1,82.1,-17.9,1.9,51.3,17,52.9,22,50.0
1,40,,0.25,4,0.25,2.0,33,53.1,66.7,87.9,-21.2,1.07,48.5,13,53.8,20,45.0
1,40,,0.25,4,0.33,,33,46.9,60.6,81.8,-21.2,2.93,54.5,13,53.8,20,55.0
1,40,,0.25,4,0.33,2.0,27,50.0,63.0,88.9,-25.9,2.15,51.9,9,55.6,18,50.0
1,40,,0.25,4,0.5,,4,25.0,100.0,100.0,0.0,1.55,75.0,0,nan,4,75.0
1,40,,0.25,4,0.5,2.0,4,25.0,100.0,100.0,0.0,1.55,75.0,0,nan,4,75.0
1,40,,0.25,5,0.0,,4,0.0,0.0,100.0,-100.0,6.25,50.0,2,0.0,2,100.0
1,40,,0.25,5,0.0,2.0,2,0.0,0.0,100.0,-100.0,5.36,50.0,1,0.0,1,100.0
1,40,,0.25,5,0.25,,4,0.0,0.0,100.0,-100.0,6.25,50.0,2,0.0,2,100.0
1,40,,0.25,5,0.25,2.0,2,0.0,0.0,100.0,-100.0,5.36,50.0,1,0.0,1,100.0
1,40,,0.25,5,0.33,,4,0.0,0.0,100.0,-100.0,6.25,50.0,2,0.0,2,100.0
1,40,,0.25,5,0.33,2.0,2,0.0,0.0,100.0,-100.0,5.36,50.0,1,0.0,1,100.0
1,40,,0.35,3,0.0,,198,61.4,69.7,61.6,8.1,1.49,58.1,107,67.3,94,46.8
1,40,,0.35,3,0.0,2.0,167,60.2,73.1,70.1,3.0,1.1,56.9,93,64.5,77,46.8
1,40,,0.35,3,0.25,,194,61.7,70.1,61.9,8.2,1.51,58.2,107,67.3,90,46.7
1,40,,0.35,3,0.25,2.0,164,60.1,73.2,70.7,2.4,1.15,57.3,93,64.5,74,47.3
1,40,,0.35,3,0.33,,158,59.9,69.6,67.1,2.5,1.28,56.3,82,65.9,76,46.1
1,40,,0.35,3,0.33,2.0,136,57.0,72.1,75.7,-3.7,1.31,57.4,72,63.9,64,50.0
1,40,,0.35,3,0.5,,28,75.0,75.0,46.4,28.6,1.59,57.1,11,90.9,17,35.3
1,40,,0.35,3,0.5,2.0,24,75.0,83.3,54.2,29.2,1.68,58.3,10,90.0,14,35.7
1,40,,0.35,4,0.0,,82,56.8,69.5,72.0,-2.4,2.8,58.5,47,63.8,35,51.4
1,40,,0.35,4,0.0,2.0,72,57.7,70.8,76.4,-5.6,2.39,56.9,41,63.4,31,48.4
1,40,,0.35,4,0.25,,82,56.8,69.5,72.0,-2.4,2.8,58.5,47,63.8,35,51.4
1,40,,0.35,4,0.25,2.0,72,57.7,70.8,76.4,-5.6,2.39,56.9,41,63.4,31,48.4
1,40,,0.35,4,0.33,,78,57.1,69.2,71.8,-2.6,2.42,56.4,45,62.2,33,48.5
1,40,,0.35,4,0.33,2.0,70,58.0,70.0,75.7,-5.7,2.31,55.7,40,62.5,30,46.7
1,40,,0.35,4,0.5,,13,69.2,92.3,46.2,46.2,0.79,61.5,6,83.3,7,42.9
1,40,,0.35,4,0.5,2.0,12,66.7,91.7,50.0,41.7,0.27,58.3,5,80.0,7,42.9
1,40,,0.35,5,0.0,,19,36.8,52.6,78.9,-26.3,3.77,57.9,11,45.5,8,75.0
1,40,,0.35,5,0.0,2.0,16,43.8,56.2,81.2,-25.0,4.57,62.5,9,55.6,7,71.4
1,40,,0.35,5,0.25,,19,36.8,52.6,78.9,-26.3,3.77,57.9,11,45.5,8,75.0
1,40,,0.35,5,0.25,2.0,16,43.8,56.2,81.2,-25.0,4.57,62.5,9,55.6,7,71.4
1,40,,0.35,5,0.33,,19,36.8,52.6,78.9,-26.3,3.77,57.9,11,45.5,8,75.0
1,40,,0.35,5,0.33,2.0,16,43.8,56.2,81.2,-25.0,4.57,62.5,9,55.6,7,71.4
1,40,,0.5,3,0.0,,237,51.7,65.0,66.2,-1.3,1.3,58.2,129,58.9,113,56.6
1,40,,0.5,3,0.0,2.0,207,52.4,68.6,71.5,-2.9,0.71,55.1,115,56.5,97,52.6
1,40,,0.5,3,0.25,,234,52.4,65.8,65.8,0.0,1.37,58.5,127,59.8,112,56.2
1,40,,0.5,3,0.25,2.0,205,52.9,69.3,71.2,-2.0,0.82,55.6,113,57.5,97,52.6
1,40,,0.5,3,0.33,,207,51.9,66.7,69.1,-2.4,0.93,56.0,107,57.0,104,53.8
1,40,,0.5,3,0.33,2.0,187,51.6,69.0,73.8,-4.8,0.61,54.5,96,55.2,95,52.6
1,40,,0.5,3,0.5,,65,53.8,67.7,56.9,10.8,1.26,58.5,26,65.4,39,53.8
1,40,,0.5,3,0.5,2.0,54,51.9,70.4,63.0,7.4,0.97,59.3,18,66.7,36,55.6
1,40,,0.5,4,0.0,,113,57.1,71.7,68.1,3.5,2.05,57.5,63,61.9,54,50.0
1,40,,0.5,4,0.0,2.0,97,59.4,74.2,72.2,2.1,1.42,54.6,54,61.1,47,44.7
1,40,,0.5,4,0.25,,113,57.1,71.7,68.1,3.5,2.05,57.5,63,61.9,54,50.0
1,40,,0.5,4,0.25,2.0,97,59.4,74.2,72.2,2.1,1.42,54.6,54,61.1,47,44.7
1,40,,0.5,4,0.33,,111,58.2,73.0,67.6,5.4,1.89,56.8,63,61.9,52,48.1
1,40,,0.5,4,0.33,2.0,97,59.4,74.2,72.2,2.1,1.42,54.6,54,61.1,47,44.7
1,40,,0.5,4,0.5,,38,60.5,81.6,57.9,23.7,0.36,50.0,22,59.1,16,37.5
1,40,,0.5,4,0.5,2.0,30,60.0,83.3,63.3,20.0,-0.64,46.7,14,57.1,16,37.5
1,40,,0.5,5,0.0,,48,46.8,54.2,77.1,-22.9,3.29,58.3,28,53.6,21,61.9
1,40,,0.5,5,0.0,2.0,43,50.0,55.8,79.1,-23.3,3.0,58.1,25,56.0,19,57.9
1,40,,0.5,5,0.25,,48,46.8,54.2,77.1,-22.9,3.29,58.3,28,53.6,21,61.9
1,40,,0.5,5,0.25,2.0,43,50.0,55.8,79.1,-23.3,3.0,58.1,25,56.0,19,57.9
1,40,,0.5,5,0.33,,48,46.8,54.2,77.1,-22.9,3.29,58.3,28,53.6,21,61.9
1,40,,0.5,5,0.33,2.0,43,50.0,55.8,79.1,-23.3,3.0,58.1,25,56.0,19,57.9
1,40,,0.5,5,0.5,,14,50.0,57.1,78.6,-21.4,-0.65,28.6,7,28.6,7,28.6
1,40,,0.5,5,0.5,2.0,11,54.5,63.6,81.8,-18.2,-1.57,27.3,4,25.0,7,28.6
1,40,,0.5,7,0.0,,3,0.0,0.0,100.0,-100.0,1.25,33.3,2,0.0,1,100.0
1,40,,0.5,7,0.0,2.0,3,0.0,0.0,100.0,-100.0,1.25,33.3,2,0.0,1,100.0
1,40,,0.5,7,0.25,,3,0.0,0.0,100.0,-100.0,1.25,33.3,2,0.0,1,100.0
1,40,,0.5,7,0.25,2.0,3,0.0,0.0,100.0,-100.0,1.25,33.3,2,0.0,1,100.0
1,40,,0.5,7,0.33,,3,0.0,0.0,100.0,-100.0,1.25,33.3,2,0.0,1,100.0
1,40,,0.5,7,0.33,2.0,3,0.0,0.0,100.0,-100.0,1.25,33.3,2,0.0,1,100.0
1,40,,0.5,7,0.5,,3,0.0,0.0,100.0,-100.0,1.25,33.3,2,0.0,1,100.0
1,40,,0.5,7,0.5,2.0,3,0.0,0.0,100.0,-100.0,1.25,33.3,2,0.0,1,100.0
1,80,,0.25,3,0.0,,237,55.9,69.2,62.4,6.8,0.25,50.2,140,55.0,102,43.1
1,80,,0.25,3,0.0,2.0,198,53.8,73.7,72.2,1.5,0.25,49.5,120,52.5,83,44.6
1,80,,0.25,3,0.25,,75,58.1,77.3,62.7,14.7,3.44,61.3,35,71.4,40,52.5
1,80,,0.25,3,0.25,2.0,58,61.4,82.8,74.1,8.6,4.7,67.2,29,79.3,29,55.2
1,80,,0.25,3,0.33,,18,70.6,83.3,72.2,11.1,8.33,77.8,9,100.0,9,55.6
1,80,,0.25,3,0.33,2.0,16,66.7,81.2,81.2,0.0,9.45,81.2,8,100.0,8,62.5
1,80,,0.25,4,0.0,,113,55.4,70.8,61.9,8.8,0.23,47.8,70,52.9,44,40.9
1,80,,0.25,4,0.0,2.0,96,53.7,72.9,71.9,1.0,-0.19,45.8,62,50.0,35,40.0
1,80,,0.25,4,0.25,,48,55.3,81.2,60.4,20.8,2.33,56.2,18,66.7,30,50.0
1,80,,0.25,4,0.25,2.0,38,56.8,81.6,73.7,7.9,2.41,57.9,16,68.8,22,50.0
1,80,,0.25,4,0.33,,8,57.1,62.5,62.5,0.0,13.33,87.5,4,100.0,4,75.0
1,80,,0.25,4,0.33,2.0,7,50.0,57.1,71.4,-14.3,13.27,85.7,3,100.0,4,75.0
1,80,,0.25,5,0.0,,33,59.4,69.7,66.7,3.0,1.08,60.6,21,66.7,12,50.0
1,80,,0.25,5,0.0,2.0,31,60.0,71.0,71.0,0.0,0.65,58.1,20,65.0,11,45.5
1,80,,0.25,5,0.25,,17,50.0,76.5,82.4,-5.9,1.59,64.7,7,71.4,10,60.0
1,80,,0.25,5,0.25,2.0,16,53.3,75.0,87.5,-12.5,1.59,62.5,7,71.4,9,55.6
1,80,,0.25,5,0.33,,3,0.0,33.3,100.0,-66.7,12.3,66.7,0,nan,3,66.7
1,80,,0.25,5,0.33,2.0,3,0.0,33.3,100.0,-66.7,12.3,66.7,0,nan,3,66.7
1,80,,0.35,3,0.0,,279,53.2,67.7,64.5,3.2,0.33,53.0,165,55.2,119,49.6
1,80,,0.35,3,0.0,2.0,240,52.7,70.8,72.1,-1.2,0.16,51.2,143,53.1,102,48.0
1,80,,0.35,3,0.25,,108,57.9,74.1,65.7,8.3,2.1,58.3,60,65.0,51,51.0
1,80,,0.35,3,0.25,2.0,89,59.1,77.5,75.3,2.2,2.56,60.7,52,67.3,40,52.5
1,80,,0.35,3,0.33,,54,56.6,72.2,77.8,-5.6,4.37,66.7,29,72.4,25,60.0
1,80,,0.35,3,0.33,2.0,48,57.4,75.0,81.2,-6.2,4.7,68.8,27,74.1,21,61.9
1,80,,0.35,4,0.0,,179,50.6,66.5,64.8,1.7,0.8,53.1,110,52.7,74,52.7
1,80,,0.35,4,0.0,2.0,153,50.0,69.9,72.5,-2.6,0.86,52.3,99,51.5,59,52.5
1,80,,0.35,4,0.25,,88,57.5,73.9,61.4,12.5,2.84,60.2,48,66.7,43,53.5
1,80,,0.35,4,0.25,2.0,72,57.7,76.4,70.8,5.6,3.45,62.5,43,67.4,32,56.2
1,80,,0.35,4,0.33,,37,52.8,67.6,70.3,-2.7,6.92,73.0,20,75.0,17,70.6
1,80,,0.35,4,0.33,2.0,31,53.3,71.0,74.2,-3.2,7.92,77.4,18,77.8,13,76.9
1,80,,0.35,5,0.0,,93,53.3,64.5,67.7,-3.2,1.07,52.7,60,55.0,34,50.0
1,80,,0.35,5,0.0,2.0,82,51.9,67.1,74.4,-7.3,1.06,52.4,54,53.7,29,51.7
1,80,,0.35,5,0.25,,52,62.7,75.0,67.3,7.7,3.86,67.3,26,80.8,27,55.6
1,80,,0.35,5,0.25,2.0,46,62.2,76.1,73.9,2.2,4.15,69.6,25,80.0,22,59.1
1,80,,0.35,5,0.33,,21,55.0,66.7,71.4,-4.8,7.6,71.4,8,87.5,13,61.5
1,80,,0.35,5,0.33,2.0,18,52.9,66.7,77.8,-11.1,8.4,77.8,8,87.5,10,70.0
1,80,,0.35,7,0.0,,3,0.0,33.3,100.0,-66.7,9.62,100.0,0,nan,3,100.0
1,80,,0.35,7,0.0,2.0,3,0.0,33.3,100.0,-66.7,9.62,100.0,0,nan,3,100.0
1,80,,0.35,7,0.25,,3,0.0,33.3,100.0,-66.7,9.62,100.0,0,nan,3,100.0
1,80,,0.35,7,0.25,2.0,3,0.0,33.3,100.0,-66.7,9.62,100.0,0,nan,3,100.0
1,80,,0.35,7,0.33,,3,0.0,33.3,100.0,-66.7,9.62,100.0,0,nan,3,100.0
1,80,,0.35,7,0.33,2.0,3,0.0,33.3,100.0,-66.7,9.62,100.0,0,nan,3,100.0
1,80,,0.5,3,0.0,,297,50.3,62.6,65.0,-2.4,0.66,55.6,169,55.0,133,55.6
1,80,,0.5,3,0.0,2.0,253,50.8,66.0,71.1,-5.1,0.34,53.0,145,53.1,113,52.2
1,80,,0.5,3,0.25,,171,47.6,60.8,65.5,-4.7,0.97,55.6,90,53.3,84,58.3
1,80,,0.5,3,0.25,2.0,142,48.2,64.8,72.5,-7.7,0.69,53.5,77,51.9,68,55.9
1,80,,0.5,3,0.33,,75,51.4,73.3,73.3,0.0,3.99,69.3,34,73.5,41,65.9
1,80,,0.5,3,0.33,2.0,64,54.0,75.0,79.7,-4.7,4.25,70.3,32,75.0,32,65.6
1,80,,0.5,3,0.5,,8,37.5,62.5,100.0,-37.5,10.09,100.0,3,100.0,5,100.0
1,80,,0.5,3,0.5,2.0,7,42.9,71.4,100.0,-28.6,9.35,100.0,3,100.0,4,100.0
1,80,,0.5,4,0.0,,244,48.6,61.9,62.7,-0.8,0.63,53.7,143,51.7,106,55.7
1,80,,0.5,4,0.0,2.0,211,48.6,64.0,68.2,-4.3,0.3,51.2,127,49.6,89,52.8
1,80,,0.5,4,0.25,,148,46.9,58.8,62.2,-3.4,1.19,55.4,78,52.6,73,58.9
1,80,,0.5,4,0.25,2.0,123,46.7,61.8,69.1,-7.3,0.9,52.8,68,50.0,58,56.9
1,80,,0.5,4,0.33,,56,49.1,69.6,66.1,3.6,5.56,73.2,25,76.0,31,71.0
1,80,,0.5,4,0.33,2.0,45,52.3,71.1,73.3,-2.2,6.31,75.6,23,78.3,22,72.7
1,80,,0.5,4,0.5,,6,50.0,50.0,100.0,-50.0,12.12,100.0,3,100.0,3,100.0
1,80,,0.5,4,0.5,2.0,5,60.0,60.0,100.0,-40.0,11.49,100.0,3,100.0,2,100.0
1,80,,0.5,5,0.0,,160,46.5,64.4,64.4,0.0,0.58,52.5,87,49.4,74,56.8
1,80,,0.5,5,0.0,2.0,143,45.8,64.3,69.2,-4.9,0.28,50.3,81,46.9,63,55.6
1,80,,0.5,5,0.25,,111,46.4,61.3,63.1,-1.8,1.49,56.8,54,53.7,58,60.3
1,80,,0.5,5,0.25,2.0,96,45.3,61.5,69.8,-8.3,1.13,54.2,50,50.0,47,59.6
1,80,,0.5,5,0.33,,48,51.1,68.8,62.5,6.2,5.95,77.1,18,88.9,30,70.0
1,80,,0.5,5,0.33,2.0,40,53.8,67.5,70.0,-2.5,6.5,80.0,18,88.9,22,72.7
1,80,,0.5,5,0.5,,6,50.0,50.0,100.0,-50.0,12.12,100.0,3,100.0,3,100.0
1,80,,0.5,5,0.5,2.0,5,60.0,60.0,100.0,-40.0,11.49,100.0,3,100.0,2,100.0
1,80,,0.5,7,0.0,,33,37.5,54.5,75.8,-21.2,2.79,57.6,15,46.7,18,66.7
1,80,,0.5,7,0.0,2.0,31,40.0,54.8,77.4,-22.6,2.43,54.8,15,46.7,16,62.5
1,80,,0.5,7,0.25,,30,37.9,50.0,76.7,-26.7,3.3,63.3,13,53.8,17,70.6
1,80,,0.5,7,0.25,2.0,28,40.7,50.0,78.6,-28.6,2.94,60.7,13,53.8,15,66.7
1,80,,0.5,7,0.33,,19,38.9,57.9,78.9,-21.1,7.16,84.2,5,100.0,14,78.6
1,80,,0.5,7,0.33,2.0,17,43.8,58.8,82.4,-23.5,7.01,82.4,5,100.0,12,75.0
1,80,,0.5,7,0.5,,3,0.0,0.0,100.0,-100.0,17.39,100.0,0,nan,3,100.0
1,80,,0.5,7,0.5,2.0,2,0.0,0.0,100.0,-100.0,18.46,100.0,0,nan,2,100.0
1,120,,0.25,3,0.0,,259,57.4,68.0,62.2,5.8,0.68,54.4,142,60.6,122,46.7
1,120,,0.25,3,0.0,2.0,225,58.0,72.4,68.4,4.0,0.66,52.9,122,59.8,108,44.4
1,120,,0.25,3,0.25,,15,53.3,73.3,80.0,-6.7,1.25,53.3,11,54.5,4,50.0
1,120,,0.25,3,0.25,2.0,11,63.6,90.9,90.9,0.0,3.53,63.6,7,71.4,4,50.0
1,120,,0.25,3,0.33,,9,77.8,100.0,88.9,11.1,6.48,77.8,5,100.0,4,50.0
1,120,,0.25,3,0.33,2.0,9,77.8,100.0,88.9,11.1,6.48,77.8,5,100.0,4,50.0
1,120,,0.25,4,0.0,,179,60.1,68.7,58.7,10.1,0.97,53.1,97,61.9,83,42.2
1,120,,0.25,4,0.0,2.0,157,59.0,72.0,65.0,7.0,0.88,51.6,84,59.5,74,41.9
1,120,,0.25,4,0.25,,3,33.3,66.7,66.7,0.0,-1.42,33.3,3,33.3,0,nan
1,120,,0.25,4,0.25,2.0,2,0.0,50.0,100.0,-50.0,-9.72,0.0,2,0.0,0,nan
1,120,,0.25,5,0.0,,101,59.0,68.3,63.4,5.0,1.16,54.5,60,61.7,41,43.9
1,120,,0.25,5,0.0,2.0,89,56.8,73.0,69.7,3.4,1.11,52.8,51,58.8,38,44.7
1,120,,0.25,5,0.25,,3,33.3,66.7,66.7,0.0,-1.42,33.3,3,33.3,0,nan
1,120,,0.25,5,0.25,2.0,2,0.0,50.0,100.0,-50.0,-9.72,0.0,2,0.0,0,nan
1,120,,0.25,7,0.0,,14,42.9,50.0,64.3,-14.3,-2.34,35.7,11,36.4,3,33.3
1,120,,0.25,7,0.0,2.0,10,40.0,70.0,80.0,-10.0,-2.9,30.0,7,28.6,3,33.3
1,120,,0.35,3,0.0,,301,54.7,67.8,63.1,4.7,0.77,55.8,169,59.2,137,51.1
1,120,,0.35,3,0.0,2.0,262,54.0,70.6,69.1,1.5,0.49,53.4,147,56.5,120,49.2
1,120,,0.35,3,0.25,,47,44.7,63.8,72.3,-8.5,1.4,46.8,34,44.1,13,53.8
1,120,,0.35,3,0.25,2.0,42,45.2,66.7,76.2,-9.5,1.93,47.6,29,44.8,13,53.8
1,120,,0.35,3,0.33,,19,57.9,78.9,94.7,-15.8,-2.09,47.4,11,54.5,8,37.5
1,120,,0.35,3,0.33,2.0,18,61.1,83.3,94.4,-11.1,-1.36,50.0,10,60.0,8,37.5
1,120,,0.35,4,0.0,,214,57.3,69.6,58.9,10.7,0.79,53.3,122,59.0,95,45.3
1,120,,0.35,4,0.0,2.0,188,55.1,71.3,64.9,6.4,0.58,51.1,107,55.1,84,45.2
1,120,,0.35,4,0.25,,29,34.5,55.2,62.1,-6.9,3.15,44.8,24,37.5,5,80.0
1,120,,0.35,4,0.25,2.0,26,30.8,53.8,65.4,-11.5,3.31,42.3,21,33.3,5,80.0
1,120,,0.35,4,0.33,,3,0.0,33.3,100.0,-66.7,-11.51,0.0,3,0.0,0,nan
1,120,,0.35,4,0.33,2.0,2,0.0,50.0,100.0,-50.0,-9.72,0.0,2,0.0,0,nan
1,120,,0.35,5,0.0,,166,58.2,71.1,59.6,11.4,0.49,50.6,104,56.7,65,40.0
1,120,,0.35,5,0.0,2.0,148,55.1,71.6,64.9,6.8,0.27,48.6,93,52.7,58,41.4
1,120,,0.35,5,0.25,,27,37.0,59.3,63.0,-3.7,4.02,48.1,22,40.9,5,80.0
1,120,,0.35,5,0.25,2.0,25,32.0,56.0,68.0,-12.0,3.53,44.0,20,35.0,5,80.0
1,120,,0.35,5,0.33,,2,0.0,50.0,100.0,-50.0,-9.72,0.0,2,0.0,0,nan
1,120,,0.35,5,0.33,2.0,2,0.0,50.0,100.0,-50.0,-9.72,0.0,2,0.0,0,nan
1,120,,0.35,7,0.0,,65,53.8,61.5,60.0,1.5,1.86,53.8,43,55.8,22,50.0
1,120,,0.35,7,0.0,2.0,56,48.2,64.3,67.9,-3.6,1.39,48.2,36,47.2,20,50.0
1,120,,0.35,7,0.25,,22,36.4,59.1,63.6,-4.5,3.63,50.0,17,41.2,5,80.0
1,120,,0.35,7,0.25,2.0,20,30.0,55.0,70.0,-15.0,2.98,45.0,15,33.3,5,80.0
1,120,,0.35,7,0.33,,2,0.0,50.0,100.0,-50.0,-9.72,0.0,2,0.0,0,nan
1,120,,0.35,7,0.33,2.0,2,0.0,50.0,100.0,-50.0,-9.72,0.0,2,0.0,0,nan
1,120,,0.5,3,0.0,,317,53.5,66.6,63.7,2.8,0.89,57.1,181,59.1,141,53.9
1,120,,0.5,3,0.0,2.0,279,52.9,69.9,68.8,1.1,0.81,55.6,159,57.2,125,52.8
1,120,,0.5,3,0.25,,123,56.1,73.2,65.0,8.1,1.16,52.8,77,57.1,46,45.7
1,120,,0.5,3,0.25,2.0,114,57.0,75.4,66.7,8.8,1.35,53.5,70,58.6,44,45.5
1,120,,0.5,3,0.33,,36,55.6,72.2,75.0,-2.8,3.79,63.9,21,66.7,15,60.0
1,120,,0.5,3,0.33,2.0,33,57.6,75.8,75.8,0.0,3.91,63.6,19,68.4,14,57.1
1,120,,0.5,3,0.5,,1,0.0,100.0,100.0,0.0,3.62,100.0,0,nan,1,100.0
1,120,,0.5,3,0.5,2.0,1,0.0,100.0,100.0,0.0,3.62,100.0,0,nan,1,100.0
1,120,,0.5,4,0.0,,250,55.8,68.8,58.8,10.0,0.74,55.2,147,59.2,108,49.1
1,120,,0.5,4,0.0,2.0,220,54.3,71.4,64.1,7.3,0.51,52.7,129,55.8,96,47.9
1,120,,0.5,4,0.25,,104,55.8,72.1,60.6,11.5,1.57,52.9,67,56.7,37,45.9
1,120,,0.5,4,0.25,2.0,97,55.7,73.2,61.9,11.3,1.6,52.6,62,56.5,35,45.7
1,120,,0.5,4,0.33,,19,47.4,57.9,57.9,0.0,7.27,68.4,13,61.5,6,83.3
1,120,,0.5,4,0.33,2.0,16,50.0,62.5,56.2,6.2,8.16,68.8,11,63.6,5,80.0
1,120,,0.5,5,0.0,,201,56.0,70.1,60.2,10.0,0.45,50.7,119,55.5,85,43.5
1,120,,0.5,5,0.0,2.0,183,53.8,72.1,63.9,8.2,0.43,49.7,108,52.8,78,44.9
1,120,,0.5,5,0.25,,97,55.7,73.2,61.9,11.3,2.05,53.6,63,57.1,34,47.1
1,120,,0.5,5,0.25,2.0,91,54.9,73.6,63.7,9.9,1.93,52.7,59,55.9,32,46.9
1,120,,0.5,5,0.33,,18,50.0,61.1,55.6,5.6,8.51,72.2,12,66.7,6,83.3
1,120,,0.5,5,0.33,2.0,16,50.0,62.5,56.2,6.2,8.16,68.8,11,63.6,5,80.0
1,120,,0.5,7,0.0,,133,59.8,66.9,58.6,8.3,1.24,55.6,83,62.7,50,44.0
1,120,,0.5,7,0.0,2.0,123,58.2,68.3,61.8,6.5,1.19,54.5,76,60.5,47,44.7
1,120,,0.5,7,0.25,,83,59.0,74.7,61.4,13.3,2.23,57.8,52,63.5,31,48.4
1,120,,0.5,7,0.25,2.0,77,58.4,75.3,63.6,11.7,2.1,57.1,48,62.5,29,48.3
1,120,,0.5,7,0.33,,17,47.1,58.8,52.9,5.9,9.47,76.5,12,66.7,5,100.0
1,120,,0.5,7,0.33,2.0,15,46.7,60.0,53.3,6.7,9.22,73.3,11,63.6,4,100.0
1,200,,0.25,3,0.0,,262,50.6,59.5,65.3,-5.7,0.78,55.7,154,55.2,113,55.8
1,200,,0.25,3,0.0,2.0,218,51.2,65.6,72.9,-7.3,0.8,54.6,130,54.6,93,53.8
1,200,,0.25,3,0.25,,12,58.3,75.0,83.3,-8.3,1.92,58.3,8,62.5,4,50.0
1,200,,0.25,3,0.25,2.0,9,77.8,100.0,88.9,11.1,6.48,77.8,5,100.0,4,50.0
1,200,,0.25,3,0.33,,9,77.8,100.0,88.9,11.1,6.48,77.8,5,100.0,4,50.0
1,200,,0.25,3,0.33,2.0,9,77.8,100.0,88.9,11.1,6.48,77.8,5,100.0,4,50.0
1,200,,0.25,4,0.0,,180,52.5,59.4,65.6,-6.1,1.31,55.6,110,56.4,71,53.5
1,200,,0.25,4,0.0,2.0,154,51.0,64.3,73.4,-9.1,1.15,53.9,91,53.8,64,53.1
1,200,,0.25,5,0.0,,117,52.1,57.3,65.8,-8.5,1.43,58.1,78,57.7,39,59.0
1,200,,0.25,5,0.0,2.0,99,50.5,61.6,73.7,-12.1,1.02,55.6,62,54.8,37,56.8
1,200,,0.25,7,0.0,,27,40.7,44.4,74.1,-29.6,2.2,44.4,20,40.0,7,57.1
1,200,,0.25,7,0.0,2.0,24,41.7,45.8,75.0,-29.2,2.72,45.8,17,41.2,7,57.1
1,200,,0.35,3,0.0,,301,51.7,60.8,61.8,-1.0,0.76,55.8,172,56.4,134,54.5
1,200,,0.35,3,0.0,2.0,246,52.2,66.7,70.3,-3.7,0.59,53.7,136,55.1,115,51.3
1,200,,0.35,3,0.25,,25,52.0,68.0,80.0,-12.0,-0.55,44.0,17,47.1,8,37.5
1,200,,0.35,3,0.25,2.0,22,59.1,77.3,81.8,-4.5,0.98,50.0,14,57.1,8,37.5
1,200,,0.35,3,0.33,,17,64.7,82.4,94.1,-11.8,-1.19,52.9,9,66.7,8,37.5
1,200,,0.35,3,0.33,2.0,16,68.8,87.5,93.8,-6.2,-0.32,56.2,8,75.0,8,37.5
1,200,,0.35,4,0.0,,221,53.2,60.2,59.7,0.5,0.9,54.8,131,56.5,93,51.6
1,200,,0.35,4,0.0,2.0,182,53.6,66.5,68.1,-1.6,0.77,52.2,102,54.9,83,48.2
1,200,,0.35,4,0.25,,7,28.6,42.9,57.1,-14.3,1.63,28.6,7,28.6,0,nan
1,200,,0.35,4,0.25,2.0,6,33.3,50.0,50.0,0.0,4.42,33.3,6,33.3,0,nan
1,200,,0.35,4,0.33,,1,0.0,0.0,100.0,-100.0,-15.11,0.0,1,0.0,0,nan
1,200,,0.35,5,0.0,,171,55.3,62.6,59.6,2.9,0.71,53.2,112,56.2,62,46.8
1,200,,0.35,5,0.0,2.0,141,54.3,68.1,68.1,0.0,0.39,49.6,87,52.9,57,43.9
1,200,,0.35,5,0.25,,5,40.0,60.0,60.0,0.0,5.73,40.0,5,40.0,0,nan
1,200,,0.35,5,0.25,2.0,5,40.0,60.0,60.0,0.0,5.73,40.0,5,40.0,0,nan
1,200,,0.35,7,0.0,,57,50.9,47.4,59.6,-12.3,1.52,54.4,43,53.5,14,57.1
1,200,,0.35,7,0.0,2.0,41,43.9,58.5,75.6,-17.1,1.65,46.3,28,42.9,13,53.8
1,200,,0.5,3,0.0,,318,51.1,61.3,62.9,-1.6,0.94,57.2,184,57.1,139,56.8
1,200,,0.5,3,0.0,2.0,265,50.4,66.8,69.8,-3.0,0.78,55.1,148,54.7,122,54.9
1,200,,0.5,3,0.25,,68,52.9,67.6,70.6,-2.9,0.53,54.4,47,55.3,21,52.4
1,200,,0.5,3,0.25,2.0,61,57.4,73.8,70.5,3.3,1.27,57.4,41,61.0,20,50.0
1,200,,0.5,3,0.33,,23,60.9,78.3,87.0,-8.7,1.22,60.9,11,72.7,12,50.0
1,200,,0.5,3,0.33,2.0,21,66.7,85.7,85.7,0.0,1.7,61.9,10,80.0,11,45.5
1,200,,0.5,3,0.5,,1,0.0,100.0,100.0,0.0,3.62,100.0,0,nan,1,100.0
1,200,,0.5,3,0.5,2.0,1,0.0,100.0,100.0,0.0,3.62,100.0,0,nan,1,100.0
1,200,,0.5,4,0.0,,257,52.7,62.3,59.5,2.7,0.83,56.4,157,57.3,105,54.3
1,200,,0.5,4,0.0,2.0,216,52.1,68.1,65.7,2.3,0.49,52.8,126,54.0,95,50.5
1,200,,0.5,4,0.25,,49,51.0,63.3,63.3,0.0,1.18,55.1,37,54.1,12,58.3
1,200,,0.5,4,0.25,2.0,44,54.5,68.2,61.4,6.8,1.79,56.8,33,57.6,11,54.5
1,200,,0.5,4,0.33,,6,50.0,50.0,66.7,-16.7,4.91,66.7,3,66.7,3,66.7
1,200,,0.5,4,0.33,2.0,4,75.0,75.0,50.0,25.0,9.27,75.0,2,100.0,2,50.0
1,200,,0.5,5,0.0,,214,54.0,64.5,58.4,6.1,0.7,53.7,136,55.9,81,49.4
1,200,,0.5,5,0.0,2.0,180,53.1,71.1,65.0,6.1,0.38,50.0,109,52.3,74,45.9
1,200,,0.5,5,0.25,,42,50.0,64.3,66.7,-2.4,2.21,57.1,33,54.5,9,66.7
1,200,,0.5,5,0.25,2.0,38,52.6,68.4,65.8,2.6,2.6,57.9,30,56.7,8,62.5
1,200,,0.5,5,0.33,,5,60.0,60.0,60.0,0.0,8.91,80.0,2,100.0,3,66.7
1,200,,0.5,5,0.33,2.0,4,75.0,75.0,50.0,25.0,9.27,75.0,2,100.0,2,50.0
1,200,,0.5,7,0.0,,119,54.2,54.6,58.8,-4.2,1.1,54.6,81,56.8,38,50.0
1,200,,0.5,7,0.0,2.0,96,51.6,64.6,66.7,-2.1,1.05,51.0,59,52.5,37,48.6
1,200,,0.5,7,0.25,,28,57.1,64.3,67.9,-3.6,2.84,71.4,22,68.2,6,83.3
1,200,,0.5,7,0.25,2.0,24,62.5,70.8,66.7,4.2,3.56,75.0,19,73.7,5,80.0
1,200,,0.5,7,0.33,,4,50.0,50.0,50.0,0.0,13.09,100.0,2,100.0,2,100.0
1,200,,0.5,7,0.33,2.0,3,66.7,66.7,33.3,33.3,14.96,100.0,2,100.0,1,100.0
2,,4,0.25,3,0.0,,34,70.6,70.6,64.7,5.9,0.34,41.2,16,62.5,18,22.2
2,,4,0.25,3,0.0,2.0,32,71.9,71.9,65.6,6.2,0.05,40.6,14,64.3,18,22.2
2,,4,0.25,3,0.25,,34,70.6,70.6,64.7,5.9,0.34,41.2,16,62.5,18,22.2
2,,4,0.25,3,0.25,2.0,32,71.9,71.9,65.6,6.2,0.05,40.6,14,64.3,18,22.2
2,,4,0.25,3,0.33,,34,70.6,70.6,64.7,5.9,0.34,41.2,16,62.5,18,22.2
2,,4,0.25,3,0.33,2.0,32,71.9,71.9,65.6,6.2,0.05,40.6,14,64.3,18,22.2
2,,4,0.25,3,0.5,,3,100.0,100.0,66.7,33.3,-0.46,33.3,1,100.0,2,0.0
2,,4,0.25,3,0.5,2.0,3,100.0,100.0,66.7,33.3,-0.46,33.3,1,100.0,2,0.0
2,,4,0.25,4,0.0,,3,100.0,100.0,66.7,33.3,-0.46,33.3,1,100.0,2,0.0
2,,4,0.25,4,0.0,2.0,3,100.0,100.0,66.7,33.3,-0.46,33.3,1,100.0,2,0.0
2,,4,0.25,4,0.25,,3,100.0,100.0,66.7,33.3,-0.46,33.3,1,100.0,2,0.0
2,,4,0.25,4,0.25,2.0,3,100.0,100.0,66.7,33.3,-0.46,33.3,1,100.0,2,0.0
2,,4,0.25,4,0.33,,3,100.0,100.0,66.7,33.3,-0.46,33.3,1,100.0,2,0.0
2,,4,0.25,4,0.33,2.0,3,100.0,100.0,66.7,33.3,-0.46,33.3,1,100.0,2,0.0
2,,4,0.25,4,0.5,,3,100.0,100.0,66.7,33.3,-0.46,33.3,1,100.0,2,0.0
2,,4,0.25,4,0.5,2.0,3,100.0,100.0,66.7,33.3,-0.46,33.3,1,100.0,2,0.0
2,,4,0.35,3,0.0,,62,69.4,71.0,56.5,14.5,1.24,51.6,39,66.7,23,26.1
2,,4,0.35,3,0.0,2.0,56,67.9,71.4,58.9,12.5,0.86,48.2,33,63.6,23,26.1
2,,4,0.35,3,0.25,,62,69.4,71.0,56.5,14.5,1.24,51.6,39,66.7,23,26.1
2,,4,0.35,3,0.25,2.0,56,67.9,71.4,58.9,12.5,0.86,48.2,33,63.6,23,26.1
2,,4,0.35,3,0.33,,62,69.4,71.0,56.5,14.5,1.24,51.6,39,66.7,23,26.1
2,,4,0.35,3,0.33,2.0,56,67.9,71.4,58.9,12.5,0.86,48.2,33,63.6,23,26.1
2,,4,0.35,3,0.5,,7,71.4,71.4,71.4,0.0,0.29,42.9,5,60.0,2,0.0
2,,4,0.35,3,0.5,2.0,6,66.7,66.7,83.3,-16.7,-1.95,33.3,4,50.0,2,0.0
2,,4,0.35,4,0.0,,7,71.4,71.4,71.4,0.0,0.29,42.9,5,60.0,2,0.0
2,,4,0.35,4,0.0,2.0,6,66.7,66.7,83.3,-16.7,-1.95,33.3,4,50.0,2,0.0
2,,4,0.35,4,0.25,,7,71.4,71.4,71.4,0.0,0.29,42.9,5,60.0,2,0.0
2,,4,0.35,4,0.25,2.0,6,66.7,66.7,83.3,-16.7,-1.95,33.3,4,50.0,2,0.0
2,,4,0.35,4,0.33,,7,71.4,71.4,71.4,0.0,0.29,42.9,5,60.0,2,0.0
2,,4,0.35,4,0.33,2.0,6,66.7,66.7,83.3,-16.7,-1.95,33.3,4,50.0,2,0.0
2,,4,0.35,4,0.5,,7,71.4,71.4,71.4,0.0,0.29,42.9,5,60.0,2,0.0
2,,4,0.35,4,0.5,2.0,6,66.7,66.7,83.3,-16.7,-1.95,33.3,4,50.0,2,0.0
2,,4,0.5,3,0.0,,106,62.3,68.9,57.5,11.3,1.63,55.7,66,65.2,43,39.5
2,,4,0.5,3,0.0,2.0,93,62.4,71.0,61.3,9.7,1.28,51.6,56,62.5,40,35.0
2,,4,0.5,3,0.25,,106,62.3,68.9,57.5,11.3,1.63,55.7,66,65.2,43,39.5
2,,4,0.5,3,0.25,2.0,93,62.4,71.0,61.3,9.7,1.28,51.6,56,62.5,40,35.0
2,,4,0.5,3,0.33,,106,62.3,68.9,57.5,11.3,1.63,55.7,66,65.2,43,39.5
2,,4,0.5,3,0.33,2.0,93,62.4,71.0,61.3,9.7,1.28,51.6,56,62.5,40,35.0
2,,4,0.5,3,0.5,,25,64.0,72.0,64.0,8.0,0.56,48.0,19,57.9,6,16.7
2,,4,0.5,3,0.5,2.0,21,57.1,66.7,76.2,-9.5,-0.84,38.1,15,46.7,6,16.7
2,,4,0.5,4,0.0,,25,64.0,72.0,64.0,8.0,0.56,48.0,19,57.9,6,16.7
2,,4,0.5,4,0.0,2.0,21,57.1,66.7,76.2,-9.5,-0.84,38.1,15,46.7,6,16.7
2,,4,0.5,4,0.25,,25,64.0,72.0,64.0,8.0,0.56,48.0,19,57.9,6,16.7
2,,4,0.5,4,0.25,2.0,21,57.1,66.7,76.2,-9.5,-0.84,38.1,15,46.7,6,16.7
2,,4,0.5,4,0.33,,25,64.0,72.0,64.0,8.0,0.56,48.0,19,57.9,6,16.7
2,,4,0.5,4,0.33,2.0,21,57.1,66.7,76.2,-9.5,-0.84,38.1,15,46.7,6,16.7
2,,4,0.5,4,0.5,,25,64.0,72.0,64.0,8.0,0.56,48.0,19,57.9,6,16.7
2,,4,0.5,4,0.5,2.0,21,57.1,66.7,76.2,-9.5,-0.84,38.1,15,46.7,6,16.7
2,,4,0.5,5,0.0,,2,50.0,50.0,50.0,0.0,2.58,50.0,2,50.0,0,nan
2,,4,0.5,5,0.0,2.0,1,0.0,0.0,100.0,-100.0,-8.56,0.0,1,0.0,0,nan
2,,4,0.5,5,0.25,,2,50.0,50.0,50.0,0.0,2.58,50.0,2,50.0,0,nan
2,,4,0.5,5,0.25,2.0,1,0.0,0.0,100.0,-100.0,-8.56,0.0,1,0.0,0,nan
2,,4,0.5,5,0.33,,2,50.0,50.0,50.0,0.0,2.58,50.0,2,50.0,0,nan
2,,4,0.5,5,0.33,2.0,1,0.0,0.0,100.0,-100.0,-8.56,0.0,1,0.0,0,nan
2,,4,0.5,5,0.5,,2,50.0,50.0,50.0,0.0,2.58,50.0,2,50.0,0,nan
2,,4,0.5,5,0.5,2.0,1,0.0,0.0,100.0,-100.0,-8.56,0.0,1,0.0,0,nan
2,,8,0.25,3,0.0,,107,56.1,63.6,58.9,4.7,0.65,54.2,53,60.4,55,47.3
2,,8,0.25,3,0.0,2.0,90,57.8,68.9,62.2,6.7,0.9,55.6,46,63.0,45,46.7
2,,8,0.25,3,0.25,,28,60.7,71.4,46.4,25.0,2.83,64.3,7,100.0,21,52.4
2,,8,0.25,3,0.25,2.0,21,57.1,76.2,61.9,14.3,3.46,71.4,6,100.0,15,60.0
2,,8,0.25,3,0.33,,2,50.0,0.0,0.0,0.0,0.45,50.0,0,nan,2,50.0
2,,8,0.25,3,0.33,2.0,1,0.0,0.0,0.0,0.0,2.7,100.0,0,nan,1,100.0
2,,8,0.25,4,0.0,,28,60.7,71.4,46.4,25.0,2.83,64.3,7,100.0,21,52.4
2,,8,0.25,4,0.0,2.0,21,57.1,76.2,61.9,14.3,3.46,71.4,6,100.0,15,60.0
2,,8,0.25,4,0.25,,28,60.7,71.4,46.4,25.0,2.83,64.3,7,100.0,21,52.4
2,,8,0.25,4,0.25,2.0,21,57.1,76.2,61.9,14.3,3.46,71.4,6,100.0,15,60.0
2,,8,0.25,4,0.33,,2,50.0,0.0,0.0,0.0,0.45,50.0,0,nan,2,50.0
2,,8,0.25,4,0.33,2.0,1,0.0,0.0,0.0,0.0,2.7,100.0,0,nan,1,100.0
2,,8,0.25,5,0.0,,6,83.3,66.7,16.7,50.0,-0.77,33.3,1,100.0,5,20.0
2,,8,0.25,5,0.0,2.0,4,75.0,75.0,25.0,50.0,0.79,50.0,1,100.0,3,33.3
2,,8,0.25,5,0.25,,6,83.3,66.7,16.7,50.0,-0.77,33.3,1,100.0,5,20.0
2,,8,0.25,5,0.25,2.0,4,75.0,75.0,25.0,50.0,0.79,50.0,1,100.0,3,33.3
2,,8,0.25,5,0.33,,2,50.0,0.0,0.0,0.0,0.45,50.0,0,nan,2,50.0
2,,8,0.25,5,0.33,2.0,1,0.0,0.0,0.0,0.0,2.7,100.0,0,nan,1,100.0
2,,8,0.25,7,0.0,,1,100.0,0.0,0.0,0.0,-1.81,0.0,0,nan,1,0.0
2,,8,0.25,7,0.25,,1,100.0,0.0,0.0,0.0,-1.81,0.0,0,nan,1,0.0
2,,8,0.25,7,0.33,,1,100.0,0.0,0.0,0.0,-1.81,0.0,0,nan,1,0.0
2,,8,0.35,3,0.0,,166,60.2,61.4,51.8,9.6,1.59,58.4,95,66.3,73,46.6
2,,8,0.35,3,0.0,2.0,135,60.7,67.4,58.5,8.9,2.18,60.0,76,68.4,61,47.5
2,,8,0.35,3,0.25,,51,52.9,62.7,54.9,7.8,1.6,56.9,23,60.9,28,53.6
2,,8,0.35,3,0.25,2.0,37,54.1,70.3,64.9,5.4,2.49,62.2,18,66.7,19,57.9
2,,8,0.35,3,0.33,,3,66.7,33.3,0.0,33.3,-1.69,33.3,0,nan,3,33.3
2,,8,0.35,3,0.33,2.0,1,0.0,0.0,0.0,0.0,2.7,100.0,0,nan,1,100.0
2,,8,0.35,4,0.0,,51,52.9,62.7,54.9,7.8,1.6,56.9,23,60.9,28,53.6
2,,8,0.35,4,0.0,2.0,37,54.1,70.3,64.9,5.4,2.49,62.2,18,66.7,19,57.9
2,,8,0.35,4,0.25,,51,52.9,62.7,54.9,7.8,1.6,56.9,23,60.9,28,53.6
2,,8,0.35,4,0.25,2.0,37,54.1,70.3,64.9,5.4,2.49,62.2,18,66.7,19,57.9
2,,8,0.35,4,0.33,,3,66.7,33.3,0.0,33.3,-1.69,33.3,0,nan,3,33.3
2,,8,0.35,4,0.33,2.0,1,0.0,0.0,0.0,0.0,2.7,100.0,0,nan,1,100.0
2,,8,0.35,5,0.0,,14,71.4,78.6,35.7,42.9,-0.07,35.7,3,66.7,11,27.3
2,,8,0.35,5,0.0,2.0,11,63.6,81.8,45.5,36.4,-0.63,36.4,2,50.0,9,33.3
2,,8,0.35,5,0.25,,14,71.4,78.6,35.7,42.9,-0.07,35.7,3,66.7,11,27.3
2,,8,0.35,5,0.25,2.0,11,63.6,81.8,45.5,36.4,-0.63,36.4,2,50.0,9,33.3
2,,8,0.35,5,0.33,,3,66.7,33.3,0.0,33.3,-1.69,33.3,0,nan,3,33.3
2,,8,0.35,5,0.33,2.0,1,0.0,0.0,0.0,0.0,2.7,100.0,0,nan,1,100.0
2,,8,0.35,7,0.0,,1,100.0,0.0,0.0,0.0,-1.81,0.0,0,nan,1,0.0
2,,8,0.35,7,0.25,,1,100.0,0.0,0.0,0.0,-1.81,0.0,0,nan,1,0.0
2,,8,0.35,7,0.33,,1,100.0,0.0,0.0,0.0,-1.81,0.0,0,nan,1,0.0
2,,8,0.5,3,0.0,,240,57.3,63.3,53.3,10.0,0.96,55.0,132,61.4,113,46.9
2,,8,0.5,3,0.0,2.0,199,57.1,67.3,59.3,8.0,1.11,54.3,107,60.7,96,46.9
2,,8,0.5,3,0.25,,108,56.5,65.7,55.6,10.2,2.1,56.5,62,61.3,48,47.9
2,,8,0.5,3,0.25,2.0,86,53.5,67.4,65.1,2.3,2.42,55.8,50,58.0,38,50.0
2,,8,0.5,3,0.33,,8,87.5,75.0,0.0,75.0,0.02,25.0,1,100.0,7,14.3
2,,8,0.5,3,0.33,2.0,5,80.0,80.0,0.0,80.0,-1.16,20.0,0,nan,5,20.0
2,,8,0.5,4,0.0,,108,56.5,65.7,55.6,10.2,2.1,56.5,62,61.3,48,47.9
2,,8,0.5,4,0.0,2.0,86,53.5,67.4,65.1,2.3,2.42,55.8,50,58.0,38,50.0
2,,8,0.5,4,0.25,,108,56.5,65.7,55.6,10.2,2.1,56.5,62,61.3,48,47.9
2,,8,0.5,4,0.25,2.0,86,53.5,67.4,65.1,2.3,2.42,55.8,50,58.0,38,50.0
2,,8,0.5,4,0.33,,8,87.5,75.0,0.0,75.0,0.02,25.0,1,100.0,7,14.3
2,,8,0.5,4,0.33,2.0,5,80.0,80.0,0.0,80.0,-1.16,20.0,0,nan,5,20.0
2,,8,0.5,5,0.0,,41,63.4,75.6,51.2,24.4,2.11,58.5,17,76.5,24,45.8
2,,8,0.5,5,0.0,2.0,32,56.2,75.0,62.5,12.5,2.64,62.5,14,71.4,18,55.6
2,,8,0.5,5,0.25,,41,63.4,75.6,51.2,24.4,2.11,58.5,17,76.5,24,45.8
2,,8,0.5,5,0.25,2.0,32,56.2,75.0,62.5,12.5,2.64,62.5,14,71.4,18,55.6
2,,8,0.5,5,0.33,,8,87.5,75.0,0.0,75.0,0.02,25.0,1,100.0,7,14.3
2,,8,0.5,5,0.33,2.0,5,80.0,80.0,0.0,80.0,-1.16,20.0,0,nan,5,20.0
2,,8,0.5,7,0.0,,1,100.0,0.0,0.0,0.0,-1.81,0.0,0,nan,1,0.0
2,,8,0.5,7,0.25,,1,100.0,0.0,0.0,0.0,-1.81,0.0,0,nan,1,0.0
2,,8,0.5,7,0.33,,1,100.0,0.0,0.0,0.0,-1.81,0.0,0,nan,1,0.0
2,,12,0.25,3,0.0,,178,53.4,62.4,59.0,3.4,0.63,52.2,86,55.8,93,48.4
2,,12,0.25,3,0.0,2.0,143,55.9,70.6,66.4,4.2,0.58,53.1,67,59.7,77,46.8
2,,12,0.25,3,0.25,,5,80.0,80.0,20.0,60.0,-1.94,20.0,0,nan,5,20.0
2,,12,0.25,3,0.25,2.0,3,66.7,100.0,33.3,66.7,-0.64,33.3,0,nan,3,33.3
2,,12,0.25,4,0.0,,47,68.1,78.7,55.3,23.4,0.4,48.9,12,83.3,35,37.1
2,,12,0.25,4,0.0,2.0,39,69.2,84.6,64.1,20.5,-0.08,48.7,11,81.8,28,35.7
2,,12,0.25,4,0.25,,5,80.0,80.0,20.0,60.0,-1.94,20.0,0,nan,5,20.0
2,,12,0.25,4,0.25,2.0,3,66.7,100.0,33.3,66.7,-0.64,33.3,0,nan,3,33.3
2,,12,0.25,5,0.0,,14,85.7,85.7,42.9,42.9,-1.51,21.4,1,100.0,13,15.4
2,,12,0.25,5,0.0,2.0,12,83.3,91.7,50.0,41.7,-1.11,25.0,1,100.0,11,18.2
2,,12,0.25,5,0.25,,5,80.0,80.0,20.0,60.0,-1.94,20.0,0,nan,5,20.0
2,,12,0.25,5,0.25,2.0,3,66.7,100.0,33.3,66.7,-0.64,33.3,0,nan,3,33.3
2,,12,0.25,7,0.0,,1,100.0,0.0,0.0,0.0,-1.81,0.0,0,nan,1,0.0
2,,12,0.25,7,0.25,,1,100.0,0.0,0.0,0.0,-1.81,0.0,0,nan,1,0.0
2,,12,0.35,3,0.0,,238,59.7,66.4,53.8,12.6,1.41,56.3,134,64.2,106,45.3
2,,12,0.35,3,0.0,2.0,195,61.5,73.3,60.0,13.3,1.68,56.9,108,66.7,89,43.8
2,,12,0.35,3,0.25,,9,88.9,88.9,22.2,66.7,-2.23,11.1,0,nan,9,11.1
2,,12,0.35,3,0.25,2.0,8,87.5,87.5,25.0,62.5,-1.76,12.5,0,nan,8,12.5
2,,12,0.35,3,0.33,,1,100.0,0.0,0.0,0.0,-1.81,0.0,0,nan,1,0.0
2,,12,0.35,3,0.33,2.0,1,100.0,0.0,0.0,0.0,-1.81,0.0,0,nan,1,0.0
2,,12,0.35,4,0.0,,92,65.2,72.8,53.3,19.6,0.1,47.8,44,63.6,48,33.3
2,,12,0.35,4,0.0,2.0,74,70.3,81.1,59.5,21.6,0.3,48.6,34,70.6,40,30.0
2,,12,0.35,4,0.25,,9,88.9,88.9,22.2,66.7,-2.23,11.1,0,nan,9,11.1
2,,12,0.35,4,0.25,2.0,8,87.5,87.5,25.0,62.5,-1.76,12.5,0,nan,8,12.5
2,,12,0.35,4,0.33,,1,100.0,0.0,0.0,0.0,-1.81,0.0,0,nan,1,0.0
2,,12,0.35,4,0.33,2.0,1,100.0,0.0,0.0,0.0,-1.81,0.0,0,nan,1,0.0
2,,12,0.35,5,0.0,,29,82.8,89.7,44.8,44.8,-1.68,31.0,6,83.3,23,17.4
2,,12,0.35,5,0.0,2.0,24,79.2,87.5,54.2,33.3,-1.81,33.3,5,80.0,19,21.1
2,,12,0.35,5,0.25,,9,88.9,88.9,22.2,66.7,-2.23,11.1,0,nan,9,11.1
2,,12,0.35,5,0.25,2.0,8,87.5,87.5,25.0,62.5,-1.76,12.5,0,nan,8,12.5
2,,12,0.35,5,0.33,,1,100.0,0.0,0.0,0.0,-1.81,0.0,0,nan,1,0.0
2,,12,0.35,5,0.33,2.0,1,100.0,0.0,0.0,0.0,-1.81,0.0,0,nan,1,0.0
2,,12,0.35,7,0.0,,2,100.0,50.0,0.0,50.0,-3.89,0.0,0,nan,2,0.0
2,,12,0.35,7,0.0,2.0,1,100.0,0.0,0.0,0.0,-1.81,0.0,0,nan,1,0.0
2,,12,0.35,7,0.25,,2,100.0,50.0,0.0,50.0,-3.89,0.0,0,nan,2,0.0
2,,12,0.35,7,0.25,2.0,1,100.0,0.0,0.0,0.0,-1.81,0.0,0,nan,1,0.0
2,,12,0.35,7,0.33,,1,100.0,0.0,0.0,0.0,-1.81,0.0,0,nan,1,0.0
2,,12,0.35,7,0.33,2.0,1,100.0,0.0,0.0,0.0,-1.81,0.0,0,nan,1,0.0
2,,12,0.5,3,0.0,,310,57.3,63.9,54.5,9.4,0.97,56.5,167,62.9,148,48.6
2,,12,0.5,3,0.0,2.0,258,57.6,68.6,60.5,8.1,0.87,55.8,137,62.8,125,48.0
2,,12,0.5,3,0.25,,17,82.4,82.4,11.8,70.6,-1.65,23.5,1,100.0,16,18.8
2,,12,0.5,3,0.25,2.0,12,75.0,75.0,16.7,58.3,-1.9,25.0,0,nan,12,25.0
2,,12,0.5,3,0.33,,4,100.0,75.0,25.0,50.0,-3.77,0.0,0,nan,4,0.0
2,,12,0.5,3,0.33,2.0,2,100.0,50.0,50.0,0.0,-2.6,0.0,0,nan,2,0.0
2,,12,0.5,4,0.0,,162,59.3,66.7,51.9,14.8,1.31,53.1,90,61.1,74,41.9
2,,12,0.5,4,0.0,2.0,130,59.2,70.0,59.2,10.8,1.08,50.8,71,59.2,61,39.3
2,,12,0.5,4,0.25,,17,82.4,82.4,11.8,70.6,-1.65,23.5,1,100.0,16,18.8
2,,12,0.5,4,0.25,2.0,12,75.0,75.0,16.7,58.3,-1.9,25.0,0,nan,12,25.0
2,,12,0.5,4,0.33,,4,100.0,75.0,25.0,50.0,-3.77,0.0,0,nan,4,0.0
2,,12,0.5,4,0.33,2.0,2,100.0,50.0,50.0,0.0,-2.6,0.0,0,nan,2,0.0
2,,12,0.5,5,0.0,,72,61.1,69.4,58.3,11.1,0.2,45.8,33,57.6,39,35.9
2,,12,0.5,5,0.0,2.0,59,59.3,71.2,62.7,8.5,-0.5,44.1,26,53.8,33,36.4
2,,12,0.5,5,0.25,,17,82.4,82.4,11.8,70.6,-1.65,23.5,1,100.0,16,18.8
2,,12,0.5,5,0.25,2.0,12,75.0,75.0,16.7,58.3,-1.9,25.0,0,nan,12,25.0
2,,12,0.5,5,0.33,,4,100.0,75.0,25.0,50.0,-3.77,0.0,0,nan,4,0.0
2,,12,0.5,5,0.33,2.0,2,100.0,50.0,50.0,0.0,-2.6,0.0,0,nan,2,0.0
2,,12,0.5,7,0.0,,10,90.0,80.0,10.0,70.0,-2.4,10.0,0,nan,10,10.0
2,,12,0.5,7,0.0,2.0,8,87.5,75.0,12.5,62.5,-1.76,12.5,0,nan,8,12.5
2,,12,0.5,7,0.25,,10,90.0,80.0,10.0,70.0,-2.4,10.0,0,nan,10,10.0
2,,12,0.5,7,0.25,2.0,8,87.5,75.0,12.5,62.5,-1.76,12.5,0,nan,8,12.5
2,,12,0.5,7,0.33,,4,100.0,75.0,25.0,50.0,-3.77,0.0,0,nan,4,0.0
2,,12,0.5,7,0.33,2.0,2,100.0,50.0,50.0,0.0,-2.6,0.0,0,nan,2,0.0
